"","X","team","s","aces","aces_per_set","assists","assists_per_set","block_solos","block_assists","blocks_per_set","digs","digs_per_set","kills","errors","total_attacks","hit_pct","kills_per_set","w","l","win_pct","season"
"1",1,"UMES",127,263,2.07,1306,10.28,43,427,2.02,1558,12.27,1459,662,3952,0.202,11.49,12,19,0.387,2019
"2",2,"Kennesaw St.",115,231,2.01,1551,13.49,51,315,1.81,1753,15.24,1657,678,4068,0.241,14.41,22,9,0.71,2019
"3",3,"Coastal Carolina",116,231,1.99,1431,12.34,87,352,2.27,1422,12.26,1536,473,3719,0.286,13.24,24,6,0.8,2019
"4",4,"American",120,235,1.96,1431,11.93,61,386,2.12,1788,14.9,1601,527,4140,0.259,13.34,24,8,0.75,2019
"5",5,"UNLV",128,241,1.88,1568,12.25,61,356,1.87,1766,13.8,1688,671,4358,0.233,13.19,20,11,0.645,2019
"6",6,"Cal Poly",110,204,1.85,1273,11.57,57,347,2.1,1453,13.21,1361,549,3593,0.226,12.37,21,9,0.7,2019
"7",7,"Western Ky.",114,211,1.85,1440,12.63,75,346,2.18,1622,14.23,1550,448,3626,0.304,13.6,31,2,0.939,2019
"8",8,"Delaware St.",110,201,1.83,1204,10.95,52,215,1.45,1376,12.51,1274,610,3551,0.187,11.58,11,18,0.379,2019
"9",9,"Fresno St.",104,190,1.83,1229,11.82,34,356,2.04,1468,14.12,1295,662,3696,0.171,12.45,14,16,0.467,2019
"10",10,"Coppin St.",114,205,1.8,1226,10.75,35,297,1.61,1475,12.94,1316,602,3691,0.193,11.54,13,18,0.419,2019
"11",11,"High Point",122,213,1.75,1464,12,49,389,2,1895,15.53,1548,676,4289,0.203,12.69,21,13,0.618,2019
"12",12,"Fairfield",110,192,1.75,1389,12.63,44,372,2.09,1804,16.4,1475,618,3935,0.218,13.41,24,6,0.8,2019
"13",13,"Denver",117,203,1.74,1386,11.85,44,428,2.21,1553,13.27,1488,629,3897,0.22,12.72,23,9,0.719,2019
"14",14,"UAB",98,170,1.73,1128,11.51,30,304,1.86,1452,14.82,1225,534,3513,0.197,12.5,12,15,0.444,2019
"15",15,"Navy",111,192,1.73,1333,12.01,53,248,1.59,1568,14.13,1456,590,3932,0.22,13.12,17,12,0.586,2019
"16",16,"Creighton",107,185,1.73,1396,13.05,43,370,2.13,1659,15.5,1499,556,3846,0.245,14.01,25,6,0.806,2019
"17",17,"UTSA",113,193,1.71,1400,12.39,43,226,1.38,1694,14.99,1476,569,4054,0.224,13.06,16,14,0.533,2019
"18",18,"Missouri",111,189,1.7,1480,13.33,74,321,2.11,1405,12.66,1628,532,3647,0.301,14.67,22,8,0.733,2019
"19",19,"ETSU",122,207,1.7,1512,12.39,64,390,2.12,1705,13.98,1629,603,4217,0.243,13.35,25,6,0.806,2019
"20",20,"Morgan St.",114,193,1.69,1329,11.66,37,215,1.27,1727,15.15,1427,627,4031,0.198,12.52,17,13,0.567,2019
"21",21,"Wofford",116,196,1.69,1301,11.22,101,274,2.05,1573,13.56,1425,649,3969,0.196,12.28,15,16,0.484,2019
"22",22,"Pepperdine",114,192,1.68,1419,12.45,41,418,2.19,1641,14.39,1529,554,3966,0.246,13.41,18,11,0.621,2019
"23",23,"Cincinnati",125,209,1.67,1775,14.2,41,273,1.42,1804,14.43,1889,630,4337,0.29,15.11,27,7,0.794,2019
"24",24,"Portland",107,178,1.66,1203,11.24,40,280,1.68,1611,15.06,1279,645,3835,0.165,11.95,11,18,0.379,2019
"25",25,"Robert Morris",107,178,1.66,1289,12.05,51,496,2.79,1798,16.8,1420,450,3975,0.244,13.27,25,5,0.833,2019
"26",26,"Southeast Mo. St.",129,214,1.66,1438,11.15,62,482,2.35,2144,16.62,1576,563,4647,0.218,12.22,23,11,0.676,2019
"27",27,"N.C. Central",123,204,1.66,1265,10.28,41,338,1.71,1831,14.89,1357,650,4185,0.169,11.03,8,24,0.25,2019
"28",28,"Colorado St.",110,182,1.65,1419,12.9,75,497,2.94,1467,13.34,1508,512,3490,0.285,13.71,29,2,0.935,2019
"29",29,"Presbyterian",103,170,1.65,1191,11.56,47,262,1.73,1595,15.49,1286,621,3767,0.177,12.49,15,15,0.5,2019
"30",30,"Campbell",108,178,1.65,1228,11.37,36,338,1.9,1616,14.96,1361,613,3688,0.203,12.6,17,13,0.567,2019
"31",31,"Saint Louis",112,184,1.64,1347,12.03,51,315,1.86,1760,15.71,1435,592,3897,0.216,12.81,17,12,0.586,2019
"32",32,"Howard",121,198,1.64,1392,11.5,57,312,1.76,1577,13.03,1497,683,3916,0.208,12.37,20,13,0.606,2019
"33",33,"Wisconsin",116,189,1.63,1581,13.63,29,543,2.59,1735,14.96,1666,498,4030,0.29,14.36,27,7,0.794,2019
"34",34,"Northern Colo.",132,213,1.61,1706,12.92,61,287,1.55,1971,14.93,1825,730,4755,0.23,13.83,26,8,0.765,2019
"35",35,"McNeese",106,171,1.61,1192,11.25,65,293,2,1575,14.86,1270,575,3735,0.186,11.98,11,17,0.393,2019
"36",36,"Northern Ariz.",124,200,1.61,1475,11.9,58,414,2.14,2041,16.46,1562,503,4429,0.239,12.6,21,11,0.656,2019
"37",37,"Omaha",129,208,1.61,1635,12.67,41,398,1.86,1839,14.26,1742,713,4453,0.231,13.5,19,14,0.576,2019
"38",38,"New Hampshire",102,164,1.61,1115,10.93,33,421,2.39,1427,13.99,1224,484,3527,0.21,12,17,10,0.63,2019
"39",39,"The Citadel",111,177,1.59,1150,10.36,58,220,1.51,1587,14.3,1249,650,3851,0.156,11.25,9,20,0.31,2019
"40",40,"Florida A&M",106,169,1.59,987,9.31,57,254,1.74,1448,13.66,1067,567,3463,0.144,10.07,9,18,0.333,2019
"41",41,"Gonzaga",110,175,1.59,1152,10.47,51,302,1.84,1529,13.9,1266,562,3783,0.186,11.51,11,19,0.367,2019
"42",42,"Marquette",122,194,1.59,1714,14.05,36,313,1.58,1863,15.27,1808,612,4355,0.275,14.82,28,6,0.824,2019
"43",43,"George Washington",100,159,1.59,1055,10.55,32,439,2.52,1423,14.23,1160,594,3441,0.164,11.6,15,14,0.517,2019
"44",44,"UNCW",117,185,1.58,1216,10.39,37,428,2.15,1614,13.79,1322,612,3969,0.179,11.3,14,15,0.483,2019
"45",45,"Loyola Chicago",124,196,1.58,1543,12.44,79,415,2.31,2028,16.35,1645,670,4507,0.216,13.27,21,11,0.656,2019
"46",46,"Delaware",104,164,1.58,1247,11.99,30,359,2.01,1397,13.43,1336,569,3488,0.22,12.85,15,14,0.517,2019
"47",47,"Northeastern",108,170,1.57,1328,12.3,49,275,1.73,1573,14.56,1418,589,3715,0.223,13.13,15,14,0.517,2019
"48",48,"A&M-Corpus Christi",117,184,1.57,1421,12.15,41,184,1.14,1830,15.64,1524,558,4141,0.233,13.03,19,12,0.613,2019
"49",49,"Harvard",88,138,1.57,953,10.83,30,301,2.05,1058,12.02,1033,457,2906,0.198,11.74,5,18,0.217,2019
"50",50,"St. John's (NY)",118,185,1.57,1503,12.74,58,393,2.16,1586,13.44,1600,676,4005,0.231,13.56,22,12,0.647,2019
"51",51,"Texas St.",118,185,1.57,1415,11.99,38,418,2.09,1691,14.33,1521,596,3959,0.234,12.89,24,9,0.727,2019
"52",52,"Santa Clara",124,194,1.56,1448,11.68,31,591,2.63,1807,14.57,1576,581,4347,0.229,12.71,21,12,0.636,2019
"53",53,"Akron",103,160,1.55,1211,11.76,56,290,1.95,1695,16.46,1325,557,3742,0.205,12.86,16,12,0.571,2019
"54",54,"Dayton",114,177,1.55,1370,12.02,36,481,2.43,1601,14.04,1510,543,3877,0.249,13.25,22,9,0.71,2019
"55",55,"Samford",118,183,1.55,1435,12.16,76,358,2.16,1742,14.76,1549,581,4129,0.234,13.13,24,6,0.8,2019
"56",56,"Hartford",109,169,1.55,1294,11.87,55,320,1.97,1471,13.5,1415,525,3563,0.25,12.98,16,13,0.552,2019
"57",57,"BYU",112,173,1.54,1329,11.87,31,514,2.57,1428,12.75,1458,487,3552,0.273,13.02,26,5,0.839,2019
"58",58,"Illinois",118,182,1.54,1496,12.68,39,418,2.1,1615,13.69,1608,640,4179,0.232,13.63,16,14,0.533,2019
"59",59,"Army West Point",116,178,1.53,1431,12.34,67,425,2.41,2021,17.42,1552,623,4324,0.215,13.38,22,10,0.688,2019
"60",60,"Weber St.",133,204,1.53,1649,12.4,55,562,2.53,2209,16.61,1747,597,4800,0.24,13.14,26,9,0.743,2019
"61",61,"Hofstra",111,170,1.53,1354,12.2,28,279,1.51,1543,13.9,1471,628,3863,0.218,13.25,17,12,0.586,2019
"62",62,"Texas",98,150,1.53,1271,12.97,36,457,2.7,1245,12.7,1355,334,3145,0.325,13.83,23,4,0.852,2019
"63",63,"UTRGV",117,179,1.53,1299,11.1,51,381,2.06,1608,13.74,1384,601,3921,0.2,11.83,14,17,0.452,2019
"64",64,"Northern Ky.",123,188,1.53,1545,12.56,44,537,2.54,2151,17.49,1647,612,4750,0.218,13.39,19,13,0.594,2019
"65",65,"Winthrop",109,166,1.52,1318,12.09,62,346,2.16,1891,17.35,1428,537,4097,0.217,13.1,24,5,0.828,2019
"66",66,"Kansas City",111,169,1.52,1383,12.46,41,361,2,1595,14.37,1487,574,3901,0.234,13.4,17,12,0.586,2019
"67",67,"Lamar University",94,143,1.52,1085,11.54,28,192,1.32,1360,14.47,1148,595,3349,0.165,12.21,9,17,0.346,2019
"68",68,"La Salle",110,167,1.52,1412,12.84,23,285,1.5,1787,16.25,1497,618,4142,0.212,13.61,15,14,0.517,2019
"69",69,"Iona",101,153,1.51,1033,10.23,43,307,1.95,1550,15.35,1107,600,3716,0.136,10.96,5,23,0.179,2019
"70",70,"Purdue",122,184,1.51,1473,12.07,62,561,2.81,1709,14.01,1585,595,4041,0.245,12.99,24,8,0.75,2019
"71",71,"Ark.-Pine Bluff",124,187,1.51,1133,9.14,93,210,1.6,1670,13.47,1292,656,4404,0.144,10.42,10,24,0.294,2019
"72",72,"Bryant",113,170,1.5,1306,11.56,29,344,1.78,1617,14.31,1442,718,4097,0.177,12.76,15,17,0.469,2019
"73",73,"Murray St.",114,171,1.5,1471,12.9,39,174,1.11,1819,15.96,1597,681,4319,0.212,14.01,19,11,0.633,2019
"74",74,"UMBC",88,132,1.5,988,11.23,27,305,2.04,1266,14.39,1054,472,2961,0.197,11.98,7,16,0.304,2019
"75",75,"Alcorn",102,153,1.5,800,7.84,35,186,1.25,1233,12.09,913,601,3161,0.099,8.95,7,23,0.233,2019
"76",76,"Troy",120,179,1.49,1522,12.68,73,278,1.77,1658,13.82,1627,784,4235,0.199,13.56,23,10,0.697,2019
"77",77,"Michigan",118,176,1.49,1520,12.88,27,380,1.84,1587,13.45,1644,588,3982,0.265,13.93,21,11,0.656,2019
"78",78,"Villanova",112,167,1.49,1305,11.65,64,350,2.13,1637,14.62,1450,430,3767,0.271,12.95,22,9,0.71,2019
"79",79,"Fla. Atlantic",100,149,1.49,1285,12.85,62,310,2.17,1407,14.07,1370,530,3416,0.246,13.7,16,11,0.593,2019
"80",80,"Morehead St.",119,177,1.49,1599,13.44,46,323,1.74,1936,16.27,1699,713,4449,0.222,14.28,23,10,0.697,2019
"81",81,"Chattanooga",115,171,1.49,1180,10.26,53,242,1.51,1671,14.53,1302,626,3949,0.171,11.32,7,23,0.233,2019
"82",82,"Mercer",114,169,1.48,1337,11.73,83,265,1.89,1491,13.08,1433,653,3824,0.204,12.57,14,16,0.467,2019
"83",83,"North Florida",126,186,1.48,1529,12.13,42,334,1.66,1781,14.13,1636,649,4412,0.224,12.98,15,18,0.455,2019
"84",84,"Georgia",112,165,1.47,1449,12.94,18,341,1.68,1587,14.17,1549,648,3883,0.232,13.83,20,10,0.667,2019
"85",85,"FGCU",108,159,1.47,1370,12.69,66,450,2.69,1680,15.56,1461,459,3782,0.265,13.53,27,5,0.844,2019
"86",86,"Lafayette",125,184,1.47,1342,10.74,37,325,1.6,1658,13.26,1482,670,4255,0.191,11.86,13,19,0.406,2019
"87",87,"Milwaukee",119,175,1.47,1602,13.46,32,292,1.5,2071,17.4,1706,612,4579,0.239,14.34,26,6,0.813,2019
"88",88,"Georgetown",122,179,1.47,1313,10.76,39,332,1.68,1635,13.4,1402,671,4091,0.179,11.49,13,19,0.406,2019
"89",89,"Pacific",120,176,1.47,1435,11.96,35,262,1.38,1837,15.31,1545,784,4403,0.173,12.88,13,17,0.433,2019
"90",90,"Texas A&M",120,176,1.47,1506,12.55,43,482,2.37,1617,13.48,1651,661,4003,0.247,13.76,23,8,0.742,2019
"91",91,"Southern Utah",116,170,1.47,1379,11.89,42,330,1.78,1756,15.14,1482,565,4231,0.217,12.78,15,16,0.484,2019
"92",92,"Maryland",127,186,1.46,1331,10.48,36,559,2.48,1523,11.99,1421,578,3915,0.215,11.19,13,19,0.406,2019
"93",93,"Marist",115,168,1.46,1384,12.03,39,312,1.7,1765,15.35,1459,621,4022,0.208,12.69,15,15,0.5,2019
"94",94,"Canisius",123,179,1.46,1349,10.97,29,448,2.06,2068,16.81,1468,584,4529,0.195,11.93,15,16,0.484,2019
"95",95,"Rider",115,167,1.45,1355,11.78,33,427,2.14,1825,15.87,1434,680,4139,0.182,12.47,15,16,0.484,2019
"96",96,"Miami (FL)",102,148,1.45,1177,11.54,20,334,1.83,1228,12.04,1236,570,3328,0.2,12.12,10,16,0.385,2019
"97",97,"South Dakota",123,178,1.45,1652,13.43,46,514,2.46,2046,16.63,1762,600,4392,0.265,14.33,31,3,0.912,2019
"98",98,"UC Davis",112,162,1.45,1310,11.7,52,343,2,1428,12.75,1428,563,3619,0.239,12.75,17,13,0.567,2019
"99",99,"Binghamton",74,107,1.45,628,8.49,24,212,1.76,822,11.11,697,414,2336,0.121,9.42,0,23,0,2019
"100",100,"Florida",117,169,1.44,1458,12.46,80,422,2.49,1657,14.16,1570,491,3758,0.287,13.42,27,5,0.844,2019
"101",101,"Washington",133,192,1.44,1646,12.38,64,577,2.65,1857,13.96,1794,609,4555,0.26,13.49,27,7,0.794,2019
"102",102,"Manhattan",115,166,1.44,1068,9.29,59,304,1.83,1624,14.12,1184,589,3841,0.155,10.3,8,23,0.258,2019
"103",103,"Radford",95,137,1.44,979,10.31,34,387,2.39,1332,14.02,1062,532,3265,0.162,11.18,10,16,0.385,2019
"104",104,"Cornell",86,124,1.44,1108,12.88,35,285,2.06,1320,15.35,1196,409,3018,0.261,13.91,17,6,0.739,2019
"105",105,"New Orleans",111,160,1.44,1259,11.34,68,298,1.95,1638,14.76,1413,644,3939,0.195,12.73,13,18,0.419,2019
"106",106,"Towson",112,161,1.44,1491,13.31,26,527,2.58,1787,15.96,1604,546,3929,0.269,14.32,29,3,0.906,2019
"107",107,"Northwestern St.",119,171,1.44,1480,12.44,45,311,1.68,1950,16.39,1596,606,4410,0.224,13.41,20,13,0.606,2019
"108",108,"Memphis",110,158,1.44,1306,11.87,46,283,1.7,1672,15.2,1417,631,3858,0.204,12.88,17,11,0.607,2019
"109",109,"Appalachian St.",116,166,1.43,1352,11.66,75,272,1.82,1642,14.16,1485,655,4177,0.199,12.8,13,17,0.433,2019
"110",110,"Toledo",108,154,1.43,1172,10.85,66,258,1.81,1664,15.41,1277,525,3913,0.192,11.82,9,19,0.321,2019
"111",111,"Albany (NY)",99,141,1.42,1078,10.89,52,422,2.66,1258,12.71,1182,511,3210,0.209,11.94,16,11,0.593,2019
"112",112,"Houston Baptist",118,168,1.42,1381,11.7,32,407,2,2095,17.75,1494,632,4432,0.194,12.66,17,15,0.531,2019
"113",113,"Texas Southern",103,146,1.42,1051,10.2,65,172,1.47,1352,13.13,1194,593,3385,0.178,11.59,11,17,0.393,2019
"114",114,"New Mexico St.",108,153,1.42,1354,12.54,65,495,2.89,1504,13.93,1470,529,3590,0.262,13.61,27,4,0.871,2019
"115",115,"Alabama St.",142,201,1.42,1524,10.73,99,281,1.69,1859,13.09,1708,777,4591,0.203,12.03,17,22,0.436,2019
"116",116,"LMU (CA)",110,155,1.41,1355,12.32,49,321,1.9,1515,13.77,1444,607,3847,0.218,13.13,14,15,0.483,2019
"117",117,"Pittsburgh",111,156,1.41,1517,13.67,33,484,2.48,1602,14.43,1627,562,3851,0.277,14.66,30,2,0.938,2019
"118",118,"Arkansas St.",116,163,1.41,1326,11.43,78,324,2.07,1799,15.51,1473,653,4198,0.195,12.7,17,13,0.567,2019
"119",119,"Saint Peter's",109,153,1.4,975,8.94,38,192,1.23,1739,15.95,1049,560,3986,0.123,9.62,3,27,0.1,2019
"120",120,"St. Francis Brooklyn",119,167,1.4,1288,10.82,24,434,2.03,1904,16,1402,568,4195,0.199,11.78,14,17,0.452,2019
"121",121,"Penn St.",117,164,1.4,1528,13.06,68,411,2.34,1558,13.32,1617,512,3853,0.287,13.82,27,6,0.818,2019
"122",122,"LIU",105,147,1.4,1187,11.3,45,238,1.56,1523,14.5,1257,589,3611,0.185,11.97,12,17,0.414,2019
"123",123,"Yale",83,116,1.4,990,11.93,49,190,1.73,1195,14.4,1098,390,2900,0.244,13.23,15,8,0.652,2019
"124",124,"Boise St.",111,155,1.4,1300,11.71,43,570,2.95,1586,14.29,1397,586,3833,0.212,12.59,18,12,0.6,2019
"125",125,"La.-Monroe",112,156,1.39,1204,10.75,56,296,1.82,1770,15.8,1320,570,4078,0.184,11.79,12,20,0.375,2019
"126",126,"IUPUI",115,160,1.39,1198,10.42,57,357,2.05,1730,15.04,1275,663,4115,0.149,11.09,7,22,0.241,2019
"127",127,"Oregon",113,157,1.39,1373,12.15,49,385,2.14,1671,14.79,1478,624,3997,0.214,13.08,9,20,0.31,2019
"128",128,"Tulane",131,182,1.39,1553,11.85,48,572,2.55,2076,15.85,1674,707,4728,0.205,12.78,22,11,0.667,2019
"129",129,"Wright St.",111,154,1.39,1370,12.34,58,414,2.39,2156,19.42,1499,560,4379,0.214,13.5,24,6,0.8,2019
"130",130,"Illinois St.",132,183,1.39,1705,12.92,38,532,2.3,2192,16.61,1809,781,4799,0.214,13.7,22,12,0.647,2019
"131",131,"USC Upstate",101,140,1.39,1022,10.12,49,385,2.39,1380,13.66,1126,519,3412,0.178,11.15,7,19,0.269,2019
"132",132,"Youngstown St.",101,140,1.39,1057,10.47,34,260,1.62,1613,15.97,1115,596,3650,0.142,11.04,8,21,0.276,2019
"133",133,"Georgia Tech",123,170,1.38,1609,13.08,67,307,1.79,1723,14.01,1744,587,4109,0.282,14.18,26,8,0.765,2019
"134",134,"Nevada",114,157,1.38,1364,11.96,28,454,2.24,1774,15.56,1430,642,4165,0.189,12.54,17,13,0.567,2019
"135",135,"Seattle U",120,165,1.38,1340,11.17,42,425,2.12,1619,13.49,1429,725,4084,0.172,11.91,13,18,0.419,2019
"136",136,"San Jose St.",107,147,1.37,1277,11.93,45,302,1.83,1597,14.93,1362,650,3693,0.193,12.73,10,19,0.345,2019
"137",137,"UNC Greensboro",97,133,1.37,1072,11.05,30,284,1.77,1438,14.82,1158,582,3488,0.165,11.94,10,17,0.37,2019
"138",138,"South Alabama",119,163,1.37,1336,11.23,84,270,1.84,1672,14.05,1500,536,4030,0.239,12.61,20,11,0.645,2019
"139",139,"Rhode Island",95,130,1.37,1075,11.32,42,206,1.53,1551,16.33,1155,519,3584,0.177,12.16,8,18,0.308,2019
"140",140,"Hawaii",114,156,1.37,1428,12.53,66,471,2.64,1687,14.8,1553,548,4036,0.249,13.62,26,4,0.867,2019
"141",141,"Sacramento St.",130,177,1.36,1490,11.46,51,432,2.05,2035,15.65,1619,742,4733,0.185,12.45,14,18,0.438,2019
"142",142,"UTEP",106,144,1.36,1174,11.08,48,360,2.15,1319,12.44,1267,586,3446,0.198,11.95,13,15,0.464,2019
"143",143,"Washington St.",123,167,1.36,1430,11.63,70,502,2.61,1855,15.08,1590,646,4340,0.218,12.93,23,10,0.697,2019
"144",144,"Brown",87,118,1.36,1015,11.67,17,326,2.07,1242,14.28,1090,387,3036,0.232,12.53,13,10,0.565,2019
"145",145,"Bucknell",102,138,1.35,1180,11.57,53,288,1.93,1645,16.13,1263,537,3608,0.201,12.38,14,14,0.5,2019
"146",146,"UIW",114,154,1.35,1147,10.06,51,300,1.76,1414,12.4,1275,531,3677,0.202,11.18,7,23,0.233,2019
"147",147,"Stanford",120,162,1.35,1674,13.95,30,630,2.88,1839,15.33,1780,502,4236,0.302,14.83,30,4,0.882,2019
"148",148,"Providence",115,155,1.35,1193,10.37,32,373,1.9,1706,14.83,1292,677,3885,0.158,11.23,6,25,0.194,2019
"149",149,"Prairie View",136,183,1.35,1503,11.05,52,262,1.35,1994,14.66,1655,702,4961,0.192,12.17,17,21,0.447,2019
"150",150,"Air Force",114,153,1.34,1299,11.39,34,289,1.57,1556,13.65,1375,767,3991,0.152,12.06,8,22,0.267,2019
"151",151,"Sacred Heart",120,161,1.34,1455,12.13,45,392,2.01,1900,15.83,1614,688,4293,0.216,13.45,20,12,0.625,2019
"152",152,"Iowa St.",107,143,1.34,1329,12.42,32,395,2.14,1640,15.33,1452,533,3874,0.237,13.57,17,12,0.586,2019
"153",153,"Arkansas",113,151,1.34,1287,11.39,37,358,1.91,1437,12.72,1374,654,3796,0.19,12.16,11,19,0.367,2019
"154",154,"San Diego",112,149,1.33,1477,13.19,58,352,2.09,1595,14.24,1590,534,3720,0.284,14.2,25,6,0.806,2019
"155",155,"Saint Mary's (CA)",106,141,1.33,1131,10.67,45,460,2.59,1399,13.2,1232,551,3630,0.188,11.62,11,17,0.393,2019
"156",156,"Boston College",128,170,1.33,1559,12.18,54,403,2,1766,13.8,1656,676,4363,0.225,12.94,20,12,0.625,2019
"157",157,"Bradley",119,158,1.33,1422,11.95,34,434,2.11,2242,18.84,1512,596,4745,0.193,12.71,15,15,0.5,2019
"158",158,"Southern Ill.",134,177,1.32,1524,11.37,37,349,1.58,2368,17.67,1626,703,5123,0.18,12.13,14,18,0.438,2019
"159",159,"Syracuse",94,124,1.32,1136,12.09,42,343,2.27,1197,12.73,1205,505,3001,0.233,12.82,12,13,0.48,2019
"160",160,"Southern California",132,174,1.32,1574,11.92,46,594,2.6,1767,13.39,1718,602,4512,0.247,13.02,18,14,0.563,2019
"161",161,"Kentucky",114,150,1.32,1521,13.34,55,455,2.48,1681,14.75,1645,533,4044,0.275,14.43,25,7,0.781,2019
"162",162,"Holy Cross",111,146,1.32,1177,10.6,54,226,1.5,1682,15.15,1272,643,4008,0.157,11.46,5,25,0.167,2019
"163",163,"N.C. A&T",115,151,1.31,1305,11.35,53,403,2.21,1628,14.16,1408,640,3876,0.198,12.24,16,15,0.516,2019
"164",164,"CSU Bakersfield",114,149,1.31,1267,11.11,30,419,2.1,1653,14.5,1361,662,4060,0.172,11.94,9,19,0.321,2019
"165",165,"Siena",111,145,1.31,1266,11.41,45,328,1.88,1632,14.7,1376,617,3975,0.191,12.4,11,18,0.379,2019
"166",166,"Penn",82,107,1.3,945,11.52,28,256,1.9,1103,13.45,1026,433,2745,0.216,12.51,11,10,0.524,2019
"167",167,"Norfolk St.",86,112,1.3,725,8.43,23,236,1.64,1080,12.56,787,456,2700,0.123,9.15,2,23,0.08,2019
"168",168,"Grand Canyon",116,151,1.3,1372,11.83,77,401,2.39,1805,15.56,1489,505,4089,0.241,12.84,24,6,0.8,2019
"169",169,"Ball St.",126,164,1.3,1589,12.61,71,266,1.62,2187,17.36,1718,656,4895,0.217,13.63,20,12,0.625,2019
"170",170,"Central Mich.",113,147,1.3,1408,12.46,81,258,1.86,1992,17.63,1499,640,4328,0.198,13.27,21,9,0.7,2019
"171",171,"SFA",114,148,1.3,1343,11.78,72,497,2.81,2015,17.68,1481,406,4168,0.258,12.99,31,2,0.939,2019
"172",172,"Louisville",121,157,1.3,1420,11.74,69,482,2.56,1558,12.88,1526,658,3978,0.218,12.61,22,10,0.688,2019
"173",173,"Rutgers",105,136,1.3,1078,10.27,37,412,2.31,1254,11.94,1153,600,3370,0.164,10.98,8,23,0.258,2019
"174",174,"Lipscomb",105,136,1.3,1293,12.31,42,273,1.7,1569,14.94,1419,617,3823,0.21,13.51,16,13,0.552,2019
"175",175,"Western Caro.",113,146,1.29,1323,11.71,54,246,1.57,2039,18.04,1438,557,4338,0.203,12.73,17,13,0.567,2019
"176",176,"VCU",112,144,1.29,1360,12.14,50,613,3.18,1442,12.88,1445,493,3625,0.263,12.9,24,7,0.774,2019
"177",177,"Dartmouth",89,114,1.28,957,10.75,44,296,2.16,1379,15.49,1050,427,3211,0.194,11.8,10,15,0.4,2019
"178",178,"Clemson",107,137,1.28,1243,11.62,45,348,2.05,1474,13.78,1337,585,3588,0.21,12.5,11,18,0.379,2019
"179",179,"UNI",129,165,1.28,1720,13.33,79,344,1.95,2294,17.78,1862,731,5085,0.222,14.43,24,11,0.686,2019
"180",180,"UNC Asheville",90,115,1.28,966,10.73,49,200,1.66,1454,16.16,1058,447,3156,0.194,11.76,13,13,0.5,2019
"181",181,"Marshall",101,129,1.28,1191,11.79,63,440,2.8,1561,15.46,1282,466,3606,0.226,12.69,18,10,0.643,2019
"182",182,"Alabama A&M",114,145,1.27,1169,10.25,80,240,1.75,1593,13.97,1347,487,3667,0.235,11.82,18,15,0.545,2019
"183",183,"Chicago St.",119,151,1.27,1264,10.62,47,260,1.49,1818,15.28,1355,743,4406,0.139,11.39,5,26,0.161,2019
"184",184,"Mississippi Val.",108,137,1.27,802,7.43,39,178,1.19,1319,12.21,905,708,3359,0.059,8.38,4,30,0.118,2019
"185",185,"Oral Roberts",123,156,1.27,1355,11.02,36,332,1.64,1959,15.93,1453,637,4352,0.188,11.81,8,23,0.258,2019
"186",186,"Georgia St.",105,133,1.27,1164,11.09,59,342,2.19,1645,15.67,1250,636,3803,0.161,11.9,10,17,0.37,2019
"187",187,"Eastern Wash.",113,143,1.27,1140,10.09,41,259,1.51,1749,15.48,1238,669,4083,0.139,10.96,6,24,0.2,2019
"188",188,"Eastern Ill.",106,134,1.26,1049,9.9,45,298,1.83,1598,15.08,1134,604,3720,0.142,10.7,3,26,0.103,2019
"189",189,"Colgate",122,154,1.26,1442,11.82,87,402,2.36,1837,15.06,1597,600,4306,0.232,13.09,24,8,0.75,2019
"190",190,"Stetson",103,130,1.26,1163,11.29,63,277,1.96,1699,16.5,1271,434,3633,0.23,12.34,12,15,0.444,2019
"191",191,"Louisiana Tech",103,130,1.26,1144,11.11,61,296,2.03,1577,15.31,1254,502,3696,0.203,12.17,13,15,0.464,2019
"192",192,"Saint Francis (PA)",93,117,1.26,861,9.26,24,189,1.27,1182,12.71,909,510,2953,0.135,9.77,3,25,0.107,2019
"193",193,"Wake Forest",105,132,1.26,1144,10.9,39,364,2.1,1404,13.37,1257,531,3421,0.212,11.97,14,15,0.483,2019
"194",194,"Central Conn. St.",117,147,1.26,1398,11.95,62,358,2.06,1932,16.51,1477,549,4257,0.218,12.62,15,15,0.5,2019
"195",195,"Houston",141,177,1.26,1551,11,108,400,2.18,2155,15.28,1677,745,5231,0.178,11.89,16,17,0.485,2019
"196",196,"Southeastern La.",118,148,1.25,1378,11.68,91,292,2.01,1713,14.52,1486,602,4202,0.21,12.59,14,17,0.452,2019
"197",197,"Notre Dame",115,144,1.25,1397,12.15,37,428,2.18,1771,15.4,1493,626,4266,0.203,12.98,19,10,0.655,2019
"198",198,"Gardner-Webb",84,105,1.25,729,8.68,48,262,2.13,1089,12.96,791,497,2804,0.105,9.42,3,22,0.12,2019
"199",199,"Elon",129,161,1.25,1487,11.53,40,429,1.97,1801,13.96,1583,760,4528,0.182,12.27,14,18,0.438,2019
"200",200,"Seton Hall",114,142,1.25,1143,10.03,34,242,1.36,1673,14.68,1258,587,4010,0.167,11.04,8,24,0.25,2019
"201",201,"Princeton",90,112,1.24,1222,13.58,43,249,1.86,1327,14.74,1323,443,3200,0.275,14.7,17,8,0.68,2019
"202",202,"North Carolina",107,133,1.24,1258,11.76,46,481,2.68,1463,13.67,1363,605,3771,0.201,12.74,15,13,0.536,2019
"203",203,"Charleston So.",103,128,1.24,1167,11.33,57,338,2.19,1307,12.69,1238,584,3420,0.191,12.02,14,15,0.483,2019
"204",204,"Hampton",95,118,1.24,1006,10.59,33,316,2.01,1335,14.05,1103,560,3227,0.168,11.61,8,17,0.32,2019
"205",205,"Montana St.",112,139,1.24,1315,11.74,55,445,2.48,1742,15.55,1423,572,4120,0.207,12.71,15,14,0.517,2019
"206",206,"Oklahoma",108,134,1.24,1285,11.9,47,434,2.44,1739,16.1,1389,593,3986,0.2,12.86,19,8,0.704,2019
"207",207,"Middle Tenn.",117,145,1.24,1334,11.4,34,350,1.79,1668,14.26,1425,687,4024,0.183,12.18,13,17,0.433,2019
"208",208,"California",113,140,1.24,1418,12.55,54,366,2.1,1678,14.85,1522,506,3713,0.274,13.47,20,10,0.667,2019
"209",209,"North Dakota",113,140,1.24,1162,10.28,55,333,1.96,1697,15.02,1264,522,3815,0.194,11.19,12,18,0.4,2019
"210",210,"Butler",115,142,1.23,1256,10.92,47,427,2.27,1819,15.82,1369,608,4149,0.183,11.9,14,16,0.467,2019
"211",211,"Western Ill.",107,132,1.23,1089,10.18,50,369,2.19,1391,13,1186,576,3616,0.169,11.08,6,23,0.207,2019
"212",212,"Virginia",107,132,1.23,1254,11.72,49,402,2.34,1426,13.33,1332,577,3603,0.21,12.45,13,18,0.419,2019
"213",213,"Jacksonville",116,143,1.23,1310,11.29,41,366,1.93,1620,13.97,1408,611,3936,0.202,12.14,10,21,0.323,2019
"214",214,"SIUE",112,138,1.23,1271,11.35,66,391,2.33,1852,16.54,1396,612,4164,0.188,12.46,14,15,0.483,2019
"215",215,"CSUN",108,133,1.23,1241,11.49,60,317,2.02,1489,13.79,1329,536,3684,0.215,12.31,12,16,0.429,2019
"216",216,"Kent St.",113,139,1.23,1450,12.83,55,278,1.72,1997,17.67,1529,586,4207,0.224,13.53,14,15,0.483,2019
"217",217,"Ohio",119,146,1.23,1470,12.35,82,377,2.27,1913,16.08,1574,610,4408,0.219,13.23,18,13,0.581,2019
"218",218,"Nicholls St.",106,130,1.23,1201,11.33,84,183,1.66,1598,15.08,1321,565,3791,0.199,12.46,11,16,0.407,2019
"219",219,"Portland St.",111,136,1.23,1142,10.29,38,388,2.09,1841,16.59,1226,518,4006,0.177,11.05,10,19,0.345,2019
"220",220,"Miami (OH)",108,132,1.22,1335,12.36,71,302,2.06,1825,16.9,1449,590,4098,0.21,13.42,17,12,0.586,2019
"221",221,"Bowling Green",127,155,1.22,1505,11.85,60,410,2.09,2256,17.76,1618,598,4871,0.209,12.74,20,13,0.606,2019
"222",222,"Lehigh",109,133,1.22,1247,11.44,73,383,2.43,1566,14.37,1323,548,3756,0.206,12.14,14,17,0.452,2019
"223",223,"Quinnipiac",114,139,1.22,1327,11.64,50,311,1.8,1829,16.04,1411,673,4257,0.173,12.38,14,16,0.467,2019
"224",224,"Rice",105,128,1.22,1405,13.38,66,287,2,1826,17.39,1517,508,3744,0.269,14.45,26,4,0.867,2019
"225",225,"UCLA",102,124,1.22,1341,13.15,66,316,2.2,1515,14.85,1428,505,3634,0.254,14,19,12,0.613,2019
"226",226,"James Madison",93,113,1.22,1052,11.31,67,412,2.94,1265,13.6,1171,440,3103,0.236,12.59,20,8,0.714,2019
"227",227,"UC Santa Barbara",107,130,1.21,1385,12.94,53,408,2.4,1594,14.9,1485,543,3684,0.256,13.88,23,6,0.793,2019
"228",228,"Liberty",121,147,1.21,1469,12.14,40,551,2.61,1778,14.69,1588,629,4219,0.227,13.12,21,12,0.636,2019
"229",229,"Evansville",117,142,1.21,1436,12.27,26,324,1.61,2146,18.34,1527,685,4627,0.182,13.05,16,14,0.533,2019
"230",230,"William & Mary",97,117,1.21,989,10.2,51,334,2.25,1260,12.99,1081,531,3180,0.173,11.14,7,20,0.259,2019
"231",231,"Ohio St.",114,137,1.2,1413,12.39,42,359,1.94,1769,15.52,1538,709,4259,0.195,13.49,15,17,0.469,2019
"232",232,"Buffalo",119,143,1.2,1391,11.69,61,385,2.13,1529,12.85,1484,632,3932,0.217,12.47,13,17,0.433,2019
"233",233,"George Mason",97,116,1.2,1011,10.42,41,326,2.1,1420,14.64,1096,542,3351,0.165,11.3,4,22,0.154,2019
"234",234,"South Carolina St.",82,98,1.2,584,7.12,25,123,1.05,792,9.66,635,525,2257,0.049,7.74,0,26,0,2019
"235",235,"Tennessee",108,129,1.19,1336,12.37,41,374,2.11,1547,14.32,1476,540,3766,0.249,13.67,15,13,0.536,2019
"236",236,"San Francisco",108,129,1.19,1231,11.4,42,357,2.04,1714,15.87,1311,586,4015,0.181,12.14,8,21,0.276,2019
"237",237,"South Carolina",114,136,1.19,1346,11.81,64,418,2.39,1479,12.97,1469,509,3720,0.258,12.89,20,12,0.625,2019
"238",238,"Minnesota",118,140,1.19,1506,12.76,54,567,2.86,1905,16.14,1620,495,4260,0.264,13.73,27,6,0.818,2019
"239",239,"Austin Peay",118,139,1.18,1374,11.64,55,280,1.65,1890,16.02,1479,695,4269,0.184,12.53,11,20,0.355,2019
"240",240,"DePaul",121,142,1.17,1480,12.23,93,284,1.94,1820,15.04,1612,654,4347,0.22,13.32,14,16,0.467,2019
"241",241,"Michigan St.",110,129,1.17,1237,11.25,66,446,2.63,1400,12.73,1329,564,3524,0.217,12.08,15,15,0.5,2019
"242",242,"UCF",122,143,1.17,1599,13.11,50,609,2.91,1949,15.98,1697,512,4450,0.266,13.91,25,8,0.758,2019
"243",243,"Davidson",105,123,1.17,1144,10.9,39,288,1.74,1465,13.95,1225,569,3640,0.18,11.67,10,18,0.357,2019
"244",244,"Central Ark.",124,145,1.17,1525,12.3,47,331,1.71,1848,14.9,1633,706,4381,0.212,13.17,16,14,0.533,2019
"245",245,"East Carolina",113,132,1.17,1367,12.1,67,308,1.96,1770,15.66,1480,527,4031,0.236,13.1,19,11,0.633,2019
"246",246,"Missouri St.",125,146,1.17,1439,11.51,31,450,2.05,1737,13.9,1534,794,4431,0.167,12.27,10,22,0.313,2019
"247",247,"TCU",108,126,1.17,1271,11.77,34,395,2.14,1424,13.19,1346,635,3667,0.194,12.46,12,18,0.4,2019
"248",248,"Texas Tech",116,134,1.16,1418,12.22,74,332,2.07,1714,14.78,1530,616,4166,0.219,13.19,17,13,0.567,2019
"249",249,"Alabama",105,121,1.15,1142,10.88,68,352,2.32,1396,13.3,1235,534,3484,0.201,11.76,12,17,0.414,2019
"250",250,"Florida St.",105,121,1.15,1221,11.63,50,522,2.96,1612,15.35,1311,456,3515,0.243,12.49,19,10,0.655,2019
"251",251,"Duquesne",94,108,1.15,1038,11.04,35,260,1.76,1498,15.94,1109,504,3292,0.184,11.8,10,17,0.37,2019
"252",252,"Loyola Maryland",122,140,1.15,1555,12.75,36,300,1.52,2152,17.64,1643,738,4711,0.192,13.47,13,18,0.419,2019
"253",253,"Jackson St.",130,149,1.15,1368,10.52,102,249,1.74,1763,13.56,1537,776,4535,0.168,11.82,18,19,0.486,2019
"254",254,"Bethune-Cookman",118,135,1.14,1121,9.5,63,318,1.88,1789,15.16,1219,561,3922,0.168,10.33,8,24,0.25,2019
"255",255,"Drake",125,143,1.14,1353,10.82,38,428,2.02,2074,16.59,1432,603,4704,0.176,11.46,9,22,0.29,2019
"256",256,"Valparaiso",127,145,1.14,1448,11.4,57,412,2.07,2190,17.24,1544,760,5003,0.157,12.16,14,20,0.412,2019
"257",257,"New Mexico",115,131,1.14,1242,10.8,46,458,2.39,1556,13.53,1343,604,3927,0.188,11.68,11,19,0.367,2019
"258",258,"Idaho St.",115,131,1.14,1195,10.39,38,393,2.04,1940,16.87,1288,586,4347,0.161,11.2,7,23,0.233,2019
"259",259,"UIC",116,132,1.14,1404,12.1,60,450,2.46,1943,16.75,1537,692,4382,0.193,13.25,20,11,0.645,2019
"260",260,"Indiana",126,143,1.13,1402,11.13,100,373,2.27,1698,13.48,1503,685,4377,0.187,11.93,14,19,0.424,2019
"261",261,"Montana",112,127,1.13,1169,10.44,51,359,2.06,1577,14.08,1255,607,3717,0.174,11.21,7,23,0.233,2019
"262",262,"Arizona St.",120,136,1.13,1398,11.65,89,297,1.98,1896,15.8,1494,573,4266,0.216,12.45,17,13,0.567,2019
"263",263,"South Fla.",113,128,1.13,1262,11.17,42,329,1.83,1619,14.33,1328,593,3832,0.192,11.75,7,23,0.233,2019
"264",264,"FIU",103,116,1.13,1221,11.85,58,275,1.9,1514,14.7,1306,619,3614,0.19,12.68,10,16,0.385,2019
"265",265,"Charlotte",112,126,1.13,1228,10.96,66,429,2.5,2067,18.46,1312,447,4273,0.202,11.71,16,15,0.516,2019
"266",266,"North Dakota St.",112,126,1.13,1292,11.54,48,300,1.77,1738,15.52,1384,676,4037,0.175,12.36,13,16,0.448,2019
"267",267,"Utah",137,154,1.12,1775,12.96,52,603,2.58,1915,13.98,1909,711,4684,0.256,13.93,24,10,0.706,2019
"268",268,"Iowa",115,129,1.12,1320,11.48,30,324,1.67,1573,13.68,1447,571,3924,0.223,12.58,10,21,0.323,2019
"269",269,"Cleveland St.",108,121,1.12,1261,11.68,66,374,2.34,1859,17.21,1328,556,3995,0.193,12.3,8,19,0.296,2019
"270",270,"Northwestern",118,132,1.12,1356,11.49,91,333,2.18,1596,13.53,1482,618,3938,0.219,12.56,14,18,0.438,2019
"271",271,"Baylor",104,116,1.12,1421,13.66,42,444,2.54,1501,14.43,1518,500,3498,0.291,14.6,29,2,0.935,2019
"272",272,"Niagara",105,117,1.11,1136,10.82,43,300,1.84,1712,16.3,1214,444,3752,0.205,11.56,13,16,0.448,2019
"273",273,"South Dakota St.",107,119,1.11,1110,10.37,68,236,1.74,1546,14.45,1212,620,3745,0.158,11.33,6,22,0.214,2019
"274",274,"Green Bay",114,126,1.11,1432,12.56,23,450,2.18,1997,17.52,1530,602,4428,0.21,13.42,21,9,0.7,2019
"275",275,"Fordham",106,117,1.1,1129,10.65,37,379,2.14,1931,18.22,1239,515,3968,0.182,11.69,12,14,0.462,2019
"276",276,"Utah St.",108,119,1.1,913,8.45,46,466,2.58,1259,11.66,975,527,3361,0.133,9.03,2,28,0.067,2019
"277",277,"Wyoming",119,131,1.1,1405,11.81,63,448,2.41,1738,14.61,1542,547,4141,0.24,12.96,22,9,0.71,2019
"278",278,"Tulsa",132,145,1.1,1555,11.78,72,470,2.33,2252,17.06,1685,787,5121,0.175,12.77,18,16,0.529,2019
"279",279,"LSU",102,112,1.1,1151,11.28,61,382,2.47,1451,14.23,1260,509,3398,0.221,12.35,15,13,0.536,2019
"280",280,"Columbia",93,102,1.1,1173,12.61,41,282,1.96,1259,13.54,1255,489,3116,0.246,13.49,12,12,0.5,2019
"281",281,"Little Rock",95,104,1.09,935,9.84,25,278,1.73,1417,14.92,1007,537,3356,0.14,10.6,6,22,0.214,2019
"282",282,"Southern U.",108,118,1.09,868,8.04,88,230,1.88,1284,11.89,1041,581,3797,0.121,9.64,10,20,0.333,2019
"283",283,"Oakland",108,118,1.09,1298,12.02,58,371,2.25,1826,16.91,1375,595,3986,0.196,12.73,15,14,0.517,2019
"284",284,"Eastern Ky.",99,108,1.09,1098,11.09,52,280,1.94,1686,17.03,1223,666,3851,0.145,12.35,9,21,0.3,2019
"285",285,"Northern Ill.",110,120,1.09,1209,10.99,35,248,1.45,1505,13.68,1319,661,3700,0.178,11.99,8,22,0.267,2019
"286",286,"Tennessee Tech",112,122,1.09,1305,11.65,64,327,2.03,1728,15.43,1412,633,4072,0.191,12.61,13,17,0.433,2019
"287",287,"Mississippi St.",114,124,1.09,1224,10.74,92,318,2.2,1668,14.63,1326,617,3917,0.181,11.63,13,17,0.433,2019
"288",288,"Abilene Christian",93,101,1.09,979,10.53,24,343,2.1,1318,14.17,1054,449,3191,0.19,11.33,7,19,0.269,2019
"289",289,"Temple",92,99,1.08,1087,11.82,28,271,1.78,1469,15.97,1154,457,3313,0.21,12.54,12,15,0.444,2019
"290",290,"Colorado",106,114,1.08,1162,10.96,50,379,2.26,1382,13.04,1293,548,3473,0.215,12.2,13,17,0.433,2019
"291",291,"Louisiana",110,118,1.07,1255,11.41,70,272,1.87,1967,17.88,1359,550,4236,0.191,12.35,14,16,0.467,2019
"292",292,"Idaho",124,133,1.07,1351,10.9,81,490,2.63,1836,14.81,1483,531,4279,0.222,11.96,13,18,0.419,2019
"293",293,"Kansas St.",113,121,1.07,1295,11.46,26,400,2,1682,14.88,1391,525,3984,0.217,12.31,9,19,0.321,2019
"294",294,"UC Irvine",105,112,1.07,1104,10.51,30,284,1.64,1340,12.76,1206,591,3520,0.175,11.49,5,23,0.179,2019
"295",295,"Long Beach St.",110,117,1.06,1365,12.41,45,350,2,1547,14.06,1484,604,3817,0.231,13.49,12,17,0.414,2019
"296",296,"Utah Valley",113,120,1.06,1269,11.23,29,513,2.53,1542,13.65,1354,619,3788,0.194,11.98,11,19,0.367,2019
"297",297,"Auburn",103,109,1.06,1089,10.57,63,272,1.93,1504,14.6,1179,623,3656,0.152,11.45,7,22,0.241,2019
"298",298,"Nebraska",119,125,1.05,1526,12.82,50,470,2.39,1802,15.14,1641,567,4029,0.267,13.79,28,5,0.848,2019
"299",299,"Ga. Southern",101,106,1.05,1025,10.15,55,278,1.92,1548,15.33,1113,501,3445,0.178,11.02,7,20,0.259,2019
"300",300,"UC Riverside",101,106,1.05,1148,11.37,30,247,1.52,1462,14.48,1263,615,3684,0.176,12.5,6,22,0.214,2019
"301",301,"Purdue Fort Wayne",128,134,1.05,1523,11.9,55,444,2.16,2005,15.66,1617,673,4657,0.203,12.63,18,15,0.545,2019
"302",302,"UT Martin",118,123,1.04,1349,11.43,39,446,2.22,1667,14.13,1460,701,4147,0.183,12.37,13,19,0.406,2019
"303",303,"Indiana St.",103,107,1.04,1137,11.04,24,336,1.86,1846,17.92,1195,583,3925,0.156,11.6,7,21,0.25,2019
"304",304,"North Texas",109,113,1.04,1312,12.04,45,369,2.11,1831,16.8,1423,513,4076,0.223,13.06,17,11,0.607,2019
"305",305,"Stony Brook",96,99,1.03,1075,11.2,36,225,1.55,1366,14.23,1167,491,3427,0.197,12.16,9,17,0.346,2019
"306",306,"NC State",123,126,1.02,1439,11.7,57,389,2.04,1818,14.78,1530,667,4307,0.2,12.44,11,19,0.367,2019
"307",307,"Western Mich.",112,114,1.02,1324,11.82,59,290,1.82,1729,15.44,1427,587,3990,0.211,12.74,14,14,0.5,2019
"308",308,"Wichita St.",105,106,1.01,1141,10.87,43,362,2.13,1552,14.78,1209,553,3633,0.181,11.51,9,19,0.321,2019
"309",309,"SMU",106,107,1.01,1419,13.39,44,369,2.16,1919,18.1,1505,582,4039,0.229,14.2,18,10,0.643,2019
"310",310,"Virginia Tech",121,122,1.01,1296,10.71,42,303,1.6,1748,14.45,1384,683,4302,0.163,11.44,11,20,0.355,2019
"311",311,"Ole Miss",117,117,1,1301,11.12,63,389,2.2,1811,15.48,1405,583,4086,0.201,12.01,14,15,0.483,2019
"312",312,"Col. of Charleston",102,102,1,1137,11.15,44,344,2.12,1580,15.49,1200,606,3727,0.159,11.76,7,21,0.25,2019
"313",313,"UConn",104,104,1,1164,11.19,65,295,2.04,1550,14.9,1233,557,3625,0.186,11.86,12,16,0.429,2019
"314",314,"Grambling",109,108,0.99,902,8.28,59,309,1.96,1467,13.46,1014,634,3620,0.105,9.3,8,24,0.25,2019
"315",315,"Jacksonville St.",106,105,0.99,1350,12.74,64,295,2,1517,14.31,1479,590,3822,0.233,13.95,20,10,0.667,2019
"316",316,"Belmont",108,106,0.98,1164,10.78,25,299,1.62,1486,13.76,1231,611,3734,0.166,11.4,2,29,0.065,2019
"317",317,"Oregon St.",122,119,0.98,1420,11.64,68,381,2.12,1789,14.66,1527,710,4266,0.192,12.52,9,22,0.29,2019
"318",318,"Fairleigh Dickinson",98,95,0.97,838,8.55,40,277,1.82,1486,15.16,891,493,3488,0.114,9.09,4,26,0.133,2019
"319",319,"West Virginia",108,104,0.96,1295,11.99,38,368,2.06,1560,14.44,1387,598,3841,0.205,12.84,12,17,0.414,2019
"320",320,"Eastern Mich.",106,102,0.96,1324,12.49,45,349,2.07,1807,17.05,1421,570,4013,0.212,13.41,11,17,0.393,2019
"321",321,"UT Arlington",131,126,0.96,1577,12.04,61,407,2.02,1992,15.21,1710,669,4565,0.228,13.05,20,14,0.588,2019
"322",322,"Arizona",117,112,0.96,1378,11.78,79,308,1.99,1723,14.73,1520,574,4046,0.234,12.99,15,17,0.469,2019
"323",323,"Sam Houston St.",134,128,0.96,1658,12.37,57,408,1.95,2192,16.36,1807,741,5100,0.209,13.49,19,14,0.576,2019
"324",324,"Duke",110,105,0.95,1222,11.11,28,450,2.3,1527,13.88,1334,610,3888,0.186,12.13,11,19,0.367,2019
"325",325,"Southern Miss.",102,95,0.93,1095,10.74,32,211,1.35,1711,16.77,1183,573,3858,0.158,11.6,3,26,0.103,2019
"326",326,"Cal St. Fullerton",100,93,0.93,1079,10.79,41,288,1.85,1744,17.44,1181,520,3753,0.176,11.81,12,15,0.444,2019
"327",327,"Furman",109,101,0.93,1196,10.97,88,281,2.1,1676,15.38,1322,555,3852,0.199,12.13,7,20,0.259,2019
"328",328,"Tennessee St.",104,96,0.92,1078,10.37,34,338,1.95,1594,15.33,1150,532,3455,0.179,11.06,12,17,0.414,2019
"329",329,"Xavier",103,94,0.91,1166,11.32,47,381,2.31,1583,15.37,1244,529,3681,0.194,12.08,11,17,0.393,2019
"330",330,"Kansas",96,86,0.9,1011,10.53,60,355,2.47,1228,12.79,1102,510,3165,0.187,11.48,9,17,0.346,2019
"331",331,"NJIT",110,98,0.89,973,8.85,23,251,1.35,1273,11.57,1050,616,3496,0.124,9.55,1,31,0.031,2019
"332",332,"San Diego St.",110,80,0.73,1364,12.4,53,360,2.12,1469,13.35,1436,597,3557,0.236,13.05,15,14,0.517,2019
"333",1,"Denver",110,219,1.99,1436,13.05,23,444,2.23,1537,13.97,1552,541,3753,0.269,14.11,27,3,0.9,2018
"334",2,"Alcorn",110,218,1.98,1028,9.35,41,199,1.28,1332,12.11,1119,643,3442,0.138,10.17,10,20,0.333,2018
"335",3,"UNLV",130,251,1.93,1526,11.74,51,370,1.82,1827,14.05,1655,629,4369,0.235,12.73,22,12,0.647,2018
"336",4,"Marquette",115,211,1.83,1581,13.75,25,369,1.82,1801,15.66,1691,536,4102,0.282,14.7,28,7,0.8,2018
"337",5,"Georgetown",111,199,1.79,1335,12.03,45,264,1.59,1602,14.43,1432,622,3954,0.205,12.9,17,13,0.567,2018
"338",6,"N.C. A&T",93,163,1.75,1006,10.82,46,220,1.68,1208,12.99,1122,619,3104,0.162,12.06,14,12,0.538,2018
"339",7,"Manhattan",112,195,1.74,906,8.09,41,275,1.59,1372,12.25,988,540,3344,0.134,8.82,5,27,0.156,2018
"340",8,"LMU (CA)",112,195,1.74,1539,13.74,35,269,1.51,1460,13.04,1612,620,3753,0.264,14.39,21,10,0.677,2018
"341",9,"UMES",92,160,1.74,890,9.67,49,246,1.87,1032,11.22,968,414,2673,0.207,10.52,10,16,0.385,2018
"342",10,"Creighton",118,204,1.73,1572,13.32,53,455,2.38,1923,16.3,1689,565,4264,0.264,14.31,29,5,0.853,2018
"343",11,"Weber St.",105,179,1.7,1257,11.97,36,449,2.48,1620,15.43,1342,520,3707,0.222,12.78,18,10,0.643,2018
"344",12,"Fla. Atlantic",99,168,1.7,1440,14.55,66,251,1.93,1460,14.75,1517,525,3518,0.282,15.32,21,7,0.75,2018
"345",13,"Radford",106,179,1.69,1314,12.4,34,310,1.78,1669,15.75,1406,593,3769,0.216,13.26,22,7,0.759,2018
"346",14,"Hofstra",127,214,1.69,1652,13.01,37,457,2.09,1948,15.34,1769,628,4469,0.255,13.93,25,8,0.758,2018
"347",15,"Sacramento St.",120,201,1.68,1382,11.52,67,451,2.44,1864,15.53,1486,620,4395,0.197,12.38,16,16,0.5,2018
"348",16,"San Jose St.",103,172,1.67,1248,12.12,32,317,1.85,1491,14.48,1354,621,3643,0.201,13.15,16,11,0.593,2018
"349",17,"Morgan St.",102,168,1.65,1134,11.12,46,280,1.82,1433,14.05,1237,512,3429,0.211,12.13,13,15,0.464,2018
"350",18,"Illinois",132,216,1.64,1767,13.39,57,578,2.62,1883,14.27,1870,609,4480,0.281,14.17,32,4,0.889,2018
"351",19,"Saint Mary's (CA)",114,186,1.63,1359,11.92,36,413,2.13,1611,14.13,1445,522,3954,0.233,12.68,19,10,0.655,2018
"352",20,"Colorado St.",112,182,1.63,1415,12.63,56,500,2.73,1422,12.7,1518,575,3597,0.262,13.55,23,8,0.742,2018
"353",21,"Hampton",103,167,1.62,1119,10.86,39,251,1.6,1295,12.57,1212,631,3426,0.17,11.77,8,19,0.296,2018
"354",22,"Nebraska",133,215,1.62,1651,12.41,56,601,2.68,2100,15.79,1772,582,4491,0.265,13.32,29,7,0.806,2018
"355",23,"Washington",123,197,1.6,1552,12.62,61,489,2.48,1712,13.92,1653,656,4330,0.23,13.44,20,13,0.606,2018
"356",24,"Houston Baptist",127,202,1.59,1523,11.99,39,431,2,2093,16.48,1650,732,4655,0.197,12.99,16,16,0.5,2018
"357",25,"UC Santa Barbara",112,178,1.59,1435,12.81,36,309,1.7,1869,16.69,1520,566,4227,0.226,13.57,17,12,0.586,2018
"358",26,"Pepperdine",111,175,1.58,1406,12.67,27,393,2.01,1588,14.31,1496,531,3856,0.25,13.48,22,9,0.71,2018
"359",27,"High Point",104,163,1.57,1333,12.82,45,326,2,1553,14.93,1401,570,3613,0.23,13.47,21,10,0.677,2018
"360",28,"Canisius",104,163,1.57,1281,12.32,31,284,1.66,1691,16.26,1410,482,3682,0.252,13.56,17,12,0.586,2018
"361",29,"Presbyterian",112,174,1.55,1188,10.61,54,314,1.88,1523,13.6,1273,611,3846,0.172,11.37,10,17,0.37,2018
"362",30,"Holy Cross",107,166,1.55,1083,10.12,45,236,1.52,1643,15.36,1163,679,3824,0.127,10.87,8,21,0.276,2018
"363",31,"Portland",124,192,1.55,1522,12.27,37,427,2.02,1773,14.3,1602,589,4201,0.241,12.92,20,13,0.606,2018
"364",32,"South Carolina",112,173,1.54,1291,11.53,61,286,1.82,1453,12.97,1411,541,3676,0.237,12.6,20,10,0.667,2018
"365",33,"Iona",102,157,1.54,1363,13.36,53,254,1.76,1637,16.05,1436,597,3840,0.218,14.08,20,8,0.714,2018
"366",34,"South Dakota",111,170,1.53,1384,12.47,40,295,1.69,2015,18.15,1498,557,4353,0.216,13.5,21,10,0.677,2018
"367",35,"Northern Ariz.",132,202,1.53,1651,12.51,77,462,2.33,2376,18,1737,501,4959,0.249,13.16,26,9,0.743,2018
"368",36,"Norfolk St.",70,107,1.53,615,8.79,40,126,1.47,751,10.73,679,397,2031,0.139,9.7,4,17,0.19,2018
"369",37,"Miami (FL)",94,143,1.52,1121,11.93,47,309,2.14,1151,12.24,1203,459,3153,0.236,12.8,13,12,0.52,2018
"370",38,"Jacksonville",106,161,1.52,1081,10.2,55,222,1.57,1263,11.92,1162,633,3512,0.151,10.96,5,24,0.172,2018
"371",39,"Delaware St.",99,150,1.52,825,8.33,27,176,1.16,1125,11.36,926,624,3016,0.1,9.35,2,27,0.069,2018
"372",40,"St. John's (NY)",138,209,1.51,1705,12.36,35,475,1.97,2078,15.06,1794,748,4884,0.214,13,23,12,0.657,2018
"373",41,"Chattanooga",108,163,1.51,1157,10.71,41,248,1.53,1656,15.33,1239,567,3726,0.18,11.47,10,20,0.333,2018
"374",42,"SFA",120,181,1.51,1457,12.14,43,555,2.67,1970,16.42,1580,539,4353,0.239,13.17,32,3,0.914,2018
"375",43,"Winthrop",112,168,1.5,1355,12.1,53,260,1.63,1947,17.38,1470,671,4361,0.183,13.13,16,14,0.533,2018
"376",44,"UT Martin",123,184,1.5,1410,11.46,63,347,1.92,1931,15.7,1509,734,4568,0.17,12.27,14,17,0.452,2018
"377",45,"Western Ky.",117,175,1.5,1403,11.99,98,278,2.03,1597,13.65,1487,596,3782,0.236,12.71,20,10,0.667,2018
"378",46,"Northern Colo.",111,166,1.5,1392,12.54,32,180,1.1,1855,16.71,1470,627,4165,0.202,13.24,15,14,0.517,2018
"379",47,"UTSA",105,157,1.5,1380,13.14,48,282,1.8,1665,15.86,1462,583,3955,0.222,13.92,19,8,0.704,2018
"380",48,"Yale",81,121,1.49,1044,12.89,46,315,2.51,1326,16.37,1107,452,3046,0.215,13.67,19,5,0.792,2018
"381",49,"St. Francis Brooklyn",104,155,1.49,1109,10.66,27,281,1.61,1503,14.45,1209,582,3514,0.178,11.63,10,18,0.357,2018
"382",50,"Kentucky",109,162,1.49,1436,13.17,34,382,2.06,1608,14.75,1574,440,3770,0.301,14.44,26,5,0.839,2018
"383",51,"Sacred Heart",99,147,1.48,1201,12.13,41,320,2.03,1431,14.45,1300,612,3582,0.192,13.13,17,10,0.63,2018
"384",52,"Appalachian St.",112,166,1.48,1440,12.86,71,260,1.79,1743,15.56,1547,638,4187,0.217,13.81,22,9,0.71,2018
"385",53,"Alabama St.",142,210,1.48,1488,10.48,90,356,1.89,1791,12.61,1619,830,4437,0.178,11.4,23,18,0.561,2018
"386",54,"Georgia",115,170,1.48,1437,12.5,32,348,1.79,1630,14.17,1515,640,4029,0.217,13.17,15,14,0.517,2018
"387",55,"VCU",105,155,1.48,1168,11.12,43,540,2.98,1401,13.34,1253,510,3484,0.213,11.93,19,9,0.679,2018
"388",56,"Navy",118,174,1.47,1414,11.98,76,382,2.26,1877,15.91,1493,653,4251,0.198,12.65,23,9,0.719,2018
"389",57,"Robert Morris",116,171,1.47,1251,10.78,52,346,1.94,1740,15,1348,605,4076,0.182,11.62,11,18,0.379,2018
"390",58,"Omaha",112,165,1.47,1389,12.4,47,369,2.07,1576,14.07,1480,600,3976,0.221,13.21,17,12,0.586,2018
"391",59,"Northern Ky.",121,178,1.47,1567,12.95,45,403,2.04,2399,19.83,1651,651,4995,0.2,13.64,21,10,0.677,2018
"392",60,"Rider",116,170,1.47,1282,11.05,70,378,2.23,1872,16.14,1367,611,4083,0.185,11.78,19,11,0.633,2018
"393",61,"Florida",123,180,1.46,1432,11.64,65,563,2.82,1609,13.08,1560,560,3916,0.255,12.68,26,7,0.788,2018
"394",62,"Columbia",87,127,1.46,1012,11.63,34,258,1.87,1288,14.8,1083,509,3107,0.185,12.45,10,14,0.417,2018
"395",63,"Kennesaw St.",120,175,1.46,1552,12.93,64,452,2.42,1661,13.84,1650,636,4059,0.25,13.75,24,7,0.774,2018
"396",64,"La Salle",107,156,1.46,1370,12.8,45,235,1.52,1830,17.1,1452,549,4064,0.222,13.57,18,12,0.6,2018
"397",65,"Texas A&M",123,179,1.46,1541,12.53,40,353,1.76,1771,14.4,1654,673,4298,0.228,13.45,17,13,0.567,2018
"398",66,"Michigan St.",121,176,1.45,1392,11.5,87,465,2.64,1435,11.86,1493,677,3905,0.209,12.34,17,16,0.515,2018
"399",67,"Ohio",117,170,1.45,1368,11.69,65,380,2.18,1743,14.9,1452,616,4208,0.199,12.41,13,18,0.419,2018
"400",68,"UNCW",104,151,1.45,1127,10.84,43,445,2.55,1521,14.63,1220,471,3672,0.204,11.73,15,12,0.556,2018
"401",69,"Utah",128,185,1.45,1652,12.91,43,492,2.26,1882,14.7,1758,666,4528,0.241,13.73,19,14,0.576,2018
"402",70,"Campbell",95,137,1.44,1012,10.65,27,270,1.71,1403,14.77,1074,590,3250,0.149,11.31,9,17,0.346,2018
"403",71,"Pittsburgh",114,163,1.43,1571,13.78,51,518,2.72,1511,13.25,1653,579,3688,0.291,14.5,30,2,0.938,2018
"404",72,"Boise St.",112,160,1.43,1322,11.8,36,540,2.73,1561,13.94,1405,597,3886,0.208,12.54,18,11,0.621,2018
"405",73,"George Mason",91,130,1.43,993,10.91,25,328,2.08,1375,15.11,1050,542,3245,0.157,11.54,10,14,0.417,2018
"406",74,"UTRGV",115,164,1.43,1408,12.24,33,410,2.07,1999,17.38,1500,553,4259,0.222,13.04,22,9,0.71,2018
"407",75,"Air Force",128,182,1.42,1547,12.09,46,418,1.99,1895,14.8,1627,721,4455,0.203,12.71,17,15,0.531,2018
"408",76,"Central Conn. St.",95,135,1.42,1067,11.23,50,400,2.63,1434,15.09,1132,466,3414,0.195,11.92,13,13,0.5,2018
"409",77,"Houston",126,179,1.42,1502,11.92,62,400,2.08,2076,16.48,1612,766,4769,0.177,12.79,17,16,0.515,2018
"410",78,"Missouri",119,169,1.42,1484,12.47,84,428,2.5,1613,13.55,1606,565,3954,0.263,13.5,24,8,0.75,2018
"411",79,"Seattle U",112,159,1.42,1293,11.54,43,400,2.17,1670,14.91,1373,643,3986,0.183,12.26,11,19,0.367,2018
"412",80,"James Madison",112,159,1.42,1371,12.24,38,526,2.69,1834,16.38,1495,532,4169,0.231,13.35,22,7,0.759,2018
"413",81,"Tulane",143,203,1.42,1869,13.07,37,626,2.45,2305,16.12,1952,747,5155,0.234,13.65,29,9,0.763,2018
"414",82,"CSU Bakersfield",122,173,1.42,1370,11.23,19,457,2.03,1819,14.91,1470,695,4344,0.178,12.05,14,16,0.467,2018
"415",83,"Ohio St.",122,173,1.42,1419,11.63,63,290,1.7,1621,13.29,1503,673,4139,0.201,12.32,12,20,0.375,2018
"416",84,"Southern U.",111,157,1.41,1117,10.06,62,333,2.06,1549,13.95,1215,641,3683,0.156,10.95,13,17,0.433,2018
"417",85,"UAB",100,141,1.41,1190,11.9,49,295,1.97,1398,13.98,1271,566,3481,0.203,12.71,13,15,0.464,2018
"418",86,"Akron",103,145,1.41,1191,11.56,23,266,1.51,1449,14.07,1280,549,3650,0.2,12.43,11,16,0.407,2018
"419",87,"Louisville",116,163,1.41,1531,13.2,63,411,2.31,1638,14.12,1629,635,4007,0.248,14.04,22,9,0.71,2018
"420",88,"BYU",107,150,1.4,1436,13.42,27,568,2.91,1406,13.14,1521,468,3469,0.304,14.21,31,2,0.939,2018
"421",89,"Southern California",125,175,1.4,1618,12.94,50,442,2.17,1938,15.5,1743,611,4637,0.244,13.94,22,11,0.667,2018
"422",90,"Villanova",115,161,1.4,1386,12.05,37,352,1.85,1998,17.37,1480,521,4441,0.216,12.87,17,14,0.548,2018
"423",91,"Pacific",113,158,1.4,1460,12.92,34,285,1.56,1595,14.12,1531,703,3956,0.209,13.55,13,16,0.448,2018
"424",92,"Stanford",121,169,1.4,1693,13.99,35,754,3.4,1635,13.51,1791,530,4110,0.307,14.8,34,1,0.971,2018
"425",93,"Troy",116,162,1.4,1363,11.75,54,301,1.76,1662,14.33,1437,720,4111,0.174,12.39,11,19,0.367,2018
"426",94,"Miami (OH)",124,173,1.4,1456,11.74,65,376,2.04,2088,16.84,1588,667,4565,0.202,12.81,23,9,0.719,2018
"427",95,"Savannah St.",81,113,1.4,664,8.2,41,193,1.7,849,10.48,710,504,2373,0.087,8.77,3,21,0.125,2018
"428",96,"Cincinnati",133,185,1.39,1750,13.16,53,418,1.97,1886,14.18,1860,629,4496,0.274,13.98,26,8,0.765,2018
"429",97,"South Carolina St.",82,114,1.39,598,7.29,41,108,1.16,853,10.4,676,520,2358,0.066,8.24,1,25,0.038,2018
"430",98,"Wright St.",114,158,1.39,1289,11.31,47,429,2.29,1979,17.36,1387,669,4332,0.166,12.17,15,14,0.517,2018
"431",99,"Ark.-Pine Bluff",99,137,1.38,917,9.26,46,250,1.73,1359,13.73,992,538,3388,0.134,10.02,8,21,0.276,2018
"432",100,"Grand Canyon",107,148,1.38,1185,11.07,55,310,1.96,1706,15.94,1242,581,3749,0.176,11.61,11,17,0.393,2018
"433",101,"UC Irvine",105,145,1.38,1248,11.89,41,351,2.06,1634,15.56,1346,533,3747,0.217,12.82,16,13,0.552,2018
"434",102,"Central Ark.",121,167,1.38,1519,12.55,69,338,1.97,1764,14.58,1621,620,4098,0.244,13.4,26,7,0.788,2018
"435",103,"New Orleans",121,167,1.38,1322,10.93,45,478,2.35,1712,14.15,1408,619,4073,0.194,11.64,12,19,0.387,2018
"436",104,"New Mexico St.",124,171,1.38,1519,12.25,40,498,2.33,1849,14.91,1609,641,4310,0.225,12.98,24,8,0.75,2018
"437",105,"Bowling Green",114,157,1.38,1294,11.35,59,359,2.09,2228,19.54,1397,586,4586,0.177,12.25,19,12,0.613,2018
"438",106,"UIC",118,162,1.37,1515,12.84,30,492,2.34,2051,17.38,1610,709,4566,0.197,13.64,18,13,0.581,2018
"439",107,"Washington St.",130,178,1.37,1594,12.26,62,561,2.63,2013,15.48,1716,627,4635,0.235,13.2,23,10,0.697,2018
"440",108,"Maryland",114,156,1.37,1320,11.58,62,414,2.36,1664,14.6,1414,591,3987,0.206,12.4,18,14,0.563,2018
"441",109,"Notre Dame",106,145,1.37,1252,11.81,39,514,2.79,1723,16.25,1341,522,4017,0.204,12.65,16,12,0.571,2018
"442",110,"Marist",115,157,1.37,1323,11.5,43,367,1.97,1678,14.59,1397,650,3922,0.19,12.15,14,15,0.483,2018
"443",111,"Davidson",87,118,1.36,958,11.01,37,230,1.75,1334,15.33,1015,394,3011,0.206,11.67,12,13,0.48,2018
"444",112,"Bradley",127,172,1.35,1629,12.83,37,378,1.78,2509,19.76,1745,680,5220,0.204,13.74,24,9,0.727,2018
"445",113,"Nicholls St.",100,135,1.35,964,9.64,60,174,1.47,1364,13.64,1034,591,3396,0.13,10.34,3,26,0.103,2018
"446",114,"Arkansas St.",126,170,1.35,1533,12.17,83,345,2.03,1814,14.4,1625,704,4448,0.207,12.9,19,14,0.576,2018
"447",115,"Southeast Mo. St.",112,151,1.35,1293,11.54,35,362,1.93,1771,15.81,1385,579,4020,0.2,12.37,16,14,0.533,2018
"448",116,"TCU",102,137,1.34,1289,12.64,28,349,1.99,1586,15.55,1360,567,3653,0.217,13.33,15,12,0.556,2018
"449",117,"Wofford",111,149,1.34,1287,11.59,34,364,1.95,1708,15.39,1386,657,4000,0.182,12.49,14,16,0.467,2018
"450",118,"Alabama A&M",129,173,1.34,1415,10.97,70,327,1.81,1777,13.78,1521,608,4020,0.227,11.79,22,16,0.579,2018
"451",119,"San Francisco",109,146,1.34,1169,10.72,39,394,2.17,1510,13.85,1259,583,3841,0.176,11.55,9,20,0.31,2018
"452",120,"Samford",136,182,1.34,1692,12.44,57,374,1.79,2232,16.41,1801,745,5088,0.208,13.24,19,15,0.559,2018
"453",121,"Saint Louis",98,131,1.34,1108,11.31,29,250,1.57,1462,14.92,1187,555,3364,0.188,12.11,8,20,0.286,2018
"454",122,"UC Davis",107,143,1.34,1314,12.28,31,365,2,1817,16.98,1408,583,3969,0.208,13.16,16,12,0.571,2018
"455",123,"Nevada",113,151,1.34,1297,11.48,27,307,1.6,1748,15.47,1356,625,4012,0.182,12,8,21,0.276,2018
"456",124,"Morehead St.",113,151,1.34,1406,12.44,62,400,2.32,1779,15.74,1497,622,4025,0.217,13.25,21,10,0.677,2018
"457",125,"Lipscomb",108,144,1.33,1409,13.05,69,272,1.9,1550,14.35,1498,595,3810,0.237,13.87,18,12,0.6,2018
"458",126,"Harvard",90,120,1.33,960,10.67,61,318,2.44,1332,14.8,1034,537,3122,0.159,11.49,11,12,0.478,2018
"459",127,"Tennessee Tech",118,157,1.33,1323,11.21,55,342,1.92,1785,15.13,1404,737,4265,0.156,11.9,11,19,0.367,2018
"460",128,"Liberty",116,154,1.33,1424,12.28,69,415,2.38,1559,13.44,1514,609,3882,0.233,13.05,15,17,0.469,2018
"461",129,"Northwestern St.",101,134,1.33,1153,11.42,40,341,2.08,1561,15.46,1244,527,3585,0.2,12.32,12,15,0.444,2018
"462",130,"Elon",105,139,1.32,1163,11.08,47,290,1.83,1645,15.67,1247,605,3861,0.166,11.88,13,15,0.464,2018
"463",131,"Hawaii",102,135,1.32,1302,12.76,36,320,1.92,1649,16.17,1373,571,3799,0.211,13.46,18,9,0.667,2018
"464",132,"UNC Asheville",100,132,1.32,1080,10.8,72,258,2.01,1480,14.8,1159,476,3451,0.198,11.59,16,12,0.571,2018
"465",133,"Delaware",107,141,1.32,1286,12.02,17,345,1.77,1881,17.58,1369,613,4219,0.179,12.79,9,19,0.321,2018
"466",134,"Purdue",130,171,1.32,1615,12.42,84,444,2.35,1887,14.52,1727,615,4481,0.248,13.28,24,9,0.727,2018
"467",135,"Fresno St.",130,171,1.32,1595,12.27,74,484,2.43,1999,15.38,1686,661,4451,0.23,12.97,22,11,0.667,2018
"468",136,"William & Mary",89,117,1.31,923,10.37,35,219,1.62,1180,13.26,981,547,2976,0.146,11.02,5,20,0.2,2018
"469",137,"Penn St.",118,155,1.31,1531,12.97,66,545,2.87,1739,14.74,1641,547,4137,0.264,13.91,26,8,0.765,2018
"470",138,"Idaho St.",125,164,1.31,1568,12.54,55,448,2.23,1888,15.1,1644,628,4393,0.231,13.15,19,14,0.576,2018
"471",139,"Minnesota",107,140,1.31,1467,13.71,48,433,2.47,1791,16.74,1594,422,3927,0.298,14.9,27,4,0.871,2018
"472",140,"FIU",117,153,1.31,1391,11.89,48,392,2.09,1684,14.39,1485,659,4160,0.199,12.69,19,12,0.613,2018
"473",141,"Virginia Tech",108,141,1.31,1278,11.83,29,366,1.96,1454,13.46,1368,630,3626,0.204,12.67,14,16,0.467,2018
"474",142,"Eastern Mich.",128,167,1.3,1692,13.22,55,396,1.98,2303,17.99,1795,661,4864,0.233,14.02,21,14,0.6,2018
"475",143,"Quinnipiac",112,146,1.3,1267,11.31,48,276,1.66,1532,13.68,1351,675,3921,0.172,12.06,9,21,0.3,2018
"476",144,"Michigan",122,159,1.3,1555,12.75,56,380,2.02,1923,15.76,1646,648,4390,0.227,13.49,24,10,0.706,2018
"477",145,"Northeastern",109,142,1.3,1292,11.85,29,314,1.71,1698,15.58,1375,670,4007,0.176,12.61,16,14,0.533,2018
"478",146,"Cal Poly",96,125,1.3,1236,12.88,54,362,2.45,1420,14.79,1321,387,3224,0.29,13.76,25,3,0.893,2018
"479",147,"Oregon",126,164,1.3,1740,13.81,59,486,2.4,2057,16.33,1851,599,4712,0.266,14.69,23,11,0.676,2018
"480",148,"Buffalo",113,147,1.3,1399,12.38,71,330,2.09,1688,14.94,1509,606,3947,0.229,13.35,18,11,0.621,2018
"481",149,"Northwestern",113,147,1.3,1317,11.65,43,393,2.12,1514,13.4,1408,694,3851,0.185,12.46,16,16,0.5,2018
"482",150,"George Washington",102,132,1.29,1124,11.02,27,324,1.85,1625,15.93,1211,631,3810,0.152,11.87,11,15,0.423,2018
"483",151,"Evansville",121,156,1.29,1411,11.66,23,291,1.39,1748,14.45,1471,745,4292,0.169,12.16,10,21,0.323,2018
"484",152,"North Dakota St.",111,143,1.29,1146,10.32,61,367,2.2,1839,16.57,1246,684,4053,0.139,11.23,9,20,0.31,2018
"485",153,"Kansas St.",98,126,1.29,1221,12.46,25,370,2.14,1464,14.94,1305,454,3548,0.24,13.32,15,12,0.556,2018
"486",154,"Lamar University",99,127,1.28,1023,10.33,42,221,1.54,1120,11.31,1101,573,3026,0.174,11.12,7,20,0.259,2018
"487",155,"Long Beach St.",114,146,1.28,1372,12.04,59,418,2.35,1647,14.45,1473,559,3897,0.235,12.92,16,13,0.552,2018
"488",156,"Mercer",107,137,1.28,1274,11.91,54,292,1.87,1579,14.76,1371,580,3656,0.216,12.81,16,13,0.552,2018
"489",157,"South Alabama",115,147,1.28,1289,11.21,64,347,2.07,1490,12.96,1417,621,3696,0.215,12.32,13,17,0.433,2018
"490",158,"Alabama",116,148,1.28,1403,12.09,84,365,2.3,1864,16.07,1504,588,4192,0.219,12.97,20,12,0.625,2018
"491",159,"Western Ill.",109,139,1.28,1041,9.55,41,332,1.9,1462,13.41,1123,585,3588,0.15,10.3,3,26,0.103,2018
"492",160,"Duquesne",102,130,1.27,1160,11.37,37,305,1.86,1651,16.19,1219,565,3665,0.178,11.95,12,16,0.429,2018
"493",161,"Austin Peay",121,154,1.27,1563,12.92,96,298,2.02,2044,16.89,1671,613,4486,0.236,13.81,27,5,0.844,2018
"494",162,"UIW",101,128,1.27,1125,11.14,26,277,1.63,1519,15.04,1194,501,3495,0.198,11.82,10,17,0.37,2018
"495",163,"Chicago St.",120,152,1.27,1390,11.58,56,343,1.9,2024,16.87,1467,795,4690,0.143,12.23,9,24,0.273,2018
"496",164,"Gonzaga",109,138,1.27,1248,11.45,58,362,2.19,1545,14.17,1314,593,3807,0.189,12.06,11,18,0.379,2018
"497",165,"Mississippi Val.",109,138,1.27,898,8.24,20,140,0.83,1581,14.5,953,746,3584,0.058,8.74,5,26,0.161,2018
"498",166,"Montana St.",113,143,1.27,1259,11.14,32,358,1.87,1758,15.56,1344,619,4051,0.179,11.89,11,19,0.367,2018
"499",167,"Loyola Chicago",108,136,1.26,1306,12.09,46,427,2.4,1636,15.15,1380,527,3808,0.224,12.78,16,14,0.533,2018
"500",168,"Texas St.",124,156,1.26,1660,13.39,55,449,2.25,1899,15.31,1748,626,4269,0.263,14.1,27,7,0.794,2018
"501",169,"Wisconsin",117,147,1.26,1579,13.5,35,560,2.69,1783,15.24,1656,486,4096,0.286,14.15,25,7,0.781,2018
"502",170,"Furman",110,138,1.25,1395,12.68,56,299,1.87,2038,18.53,1488,613,4326,0.202,13.53,13,16,0.448,2018
"503",171,"Colgate",103,129,1.25,1187,11.52,57,274,1.88,1594,15.48,1287,519,3667,0.209,12.5,14,15,0.483,2018
"504",172,"Bryant",139,174,1.25,1765,12.7,37,353,1.54,2291,16.48,1882,902,5228,0.187,13.54,22,13,0.629,2018
"505",173,"Jacksonville St.",124,155,1.25,1540,12.42,81,292,1.83,1697,13.69,1627,738,4263,0.209,13.12,18,14,0.563,2018
"506",174,"Ball St.",120,150,1.25,1438,11.98,92,429,2.55,1909,15.91,1576,564,4307,0.235,13.13,22,10,0.688,2018
"507",175,"The Citadel",113,141,1.25,1155,10.22,59,254,1.65,1513,13.39,1263,653,3780,0.161,11.18,12,19,0.387,2018
"508",176,"Green Bay",113,141,1.25,1443,12.77,34,405,2.09,2053,18.17,1544,638,4465,0.203,13.66,20,11,0.645,2018
"509",177,"UCLA",101,126,1.25,1209,11.97,60,328,2.22,1789,17.71,1257,498,3761,0.202,12.45,13,14,0.481,2018
"510",178,"Charleston So.",97,121,1.25,1020,10.52,40,294,1.93,1683,17.35,1107,525,3612,0.161,11.41,13,12,0.52,2018
"511",179,"Louisiana Tech",106,132,1.25,1121,10.58,56,274,1.82,1637,15.44,1214,581,3830,0.165,11.45,6,23,0.207,2018
"512",180,"Ga. Southern",119,148,1.24,1248,10.49,53,419,2.21,1596,13.41,1338,702,3943,0.161,11.24,9,22,0.29,2018
"513",181,"Virginia",107,133,1.24,1226,11.46,49,407,2.36,1431,13.37,1305,628,3573,0.189,12.2,8,20,0.286,2018
"514",182,"Lafayette",99,123,1.24,981,9.91,31,229,1.47,1275,12.88,1052,557,3342,0.148,10.63,5,23,0.179,2018
"515",183,"Coppin St.",117,145,1.24,1149,9.82,51,295,1.7,1401,11.97,1267,697,3595,0.159,10.83,12,20,0.375,2018
"516",184,"California",117,145,1.24,1441,12.32,62,370,2.11,1780,15.21,1538,576,4150,0.232,13.15,15,16,0.484,2018
"517",185,"New Hampshire",105,130,1.24,1286,12.25,40,274,1.69,1765,16.81,1361,599,4009,0.19,12.96,12,15,0.444,2018
"518",186,"Memphis",114,141,1.24,1287,11.29,39,347,1.86,1665,14.61,1372,683,3972,0.173,12.04,11,19,0.367,2018
"519",187,"Southern Miss.",127,157,1.24,1572,12.38,100,407,2.39,1770,13.94,1720,703,4314,0.236,13.54,17,15,0.531,2018
"520",188,"Arkansas",103,127,1.23,1269,12.32,28,313,1.79,1497,14.53,1344,554,3768,0.21,13.05,11,17,0.393,2018
"521",189,"Princeton",87,107,1.23,1153,13.25,29,258,1.82,1450,16.67,1227,417,3161,0.256,14.1,19,6,0.76,2018
"522",190,"Rhode Island",96,118,1.23,1005,10.47,30,310,1.93,1370,14.27,1072,546,3284,0.16,11.17,9,17,0.346,2018
"523",191,"Stony Brook",106,130,1.23,1304,12.3,50,318,1.97,1739,16.41,1403,483,3867,0.238,13.24,21,9,0.7,2018
"524",192,"UNC Greensboro",103,126,1.22,1178,11.44,23,278,1.57,1709,16.59,1265,584,3822,0.178,12.28,13,16,0.448,2018
"525",193,"Texas Southern",121,148,1.22,1217,10.06,50,344,1.83,1531,12.65,1310,746,3997,0.141,10.83,11,22,0.333,2018
"526",194,"Jackson St.",130,159,1.22,1309,10.07,92,270,1.75,1657,12.75,1412,853,4193,0.133,10.86,10,24,0.294,2018
"527",195,"Howard",108,132,1.22,1271,11.77,35,252,1.49,1582,14.65,1394,625,3797,0.203,12.91,20,11,0.645,2018
"528",196,"Brown",99,121,1.22,1133,11.44,37,317,1.97,1539,15.55,1220,487,3607,0.203,12.32,11,13,0.458,2018
"529",197,"Rice",118,144,1.22,1621,13.74,62,423,2.32,2143,18.16,1727,574,4462,0.258,14.64,24,7,0.774,2018
"530",198,"Rutgers",114,139,1.22,1245,10.92,50,500,2.63,1370,12.02,1310,680,3638,0.173,11.49,6,27,0.182,2018
"531",199,"Middle Tenn.",101,123,1.22,1098,10.87,36,205,1.37,1359,13.46,1180,579,3428,0.175,11.68,7,21,0.25,2018
"532",200,"Little Rock",125,152,1.22,1562,12.5,92,460,2.58,1970,15.76,1647,578,4433,0.241,13.18,19,13,0.594,2018
"533",201,"Cornell",93,113,1.22,1129,12.14,32,342,2.18,1480,15.91,1199,527,3370,0.199,12.89,14,10,0.583,2018
"534",202,"Dayton",118,143,1.21,1517,12.86,32,473,2.28,1646,13.95,1642,540,4049,0.272,13.92,23,8,0.742,2018
"535",203,"USC Upstate",124,150,1.21,1361,10.98,93,384,2.3,1881,15.17,1470,675,4518,0.176,11.85,13,19,0.406,2018
"536",204,"Eastern Wash.",105,127,1.21,1028,9.79,27,315,1.76,1632,15.54,1124,585,3760,0.143,10.7,8,22,0.267,2018
"537",205,"Western Caro.",105,127,1.21,1123,10.7,39,248,1.55,1785,17,1226,522,3932,0.179,11.68,12,16,0.429,2018
"538",206,"Albany (NY)",102,123,1.21,1119,10.97,51,314,2.04,1648,16.16,1202,529,3566,0.189,11.78,16,11,0.593,2018
"539",207,"Utah Valley",141,170,1.21,1665,11.81,37,700,2.74,2136,15.15,1781,742,5093,0.204,12.63,20,14,0.588,2018
"540",208,"Saint Peter's",129,154,1.19,1263,9.79,49,290,1.5,1902,14.74,1351,651,4426,0.158,10.47,9,25,0.265,2018
"541",209,"Bucknell",99,118,1.19,1028,10.38,40,314,1.99,1501,15.16,1101,511,3383,0.174,11.12,8,19,0.296,2018
"542",210,"Gardner-Webb",111,132,1.19,1077,9.7,58,386,2.26,1485,13.38,1158,676,3729,0.129,10.43,7,22,0.241,2018
"543",211,"UMBC",106,126,1.19,1206,11.38,36,332,1.91,1686,15.91,1296,630,3895,0.171,12.23,7,19,0.269,2018
"544",212,"Lehigh",107,127,1.19,1233,11.52,110,306,2.46,1587,14.83,1302,532,3781,0.204,12.17,19,8,0.704,2018
"545",213,"CSUN",108,128,1.19,1222,11.31,53,261,1.7,1451,13.44,1310,589,3702,0.195,12.13,8,20,0.286,2018
"546",214,"Providence",105,124,1.18,1182,11.26,37,287,1.72,1474,14.04,1263,595,3561,0.188,12.03,8,21,0.276,2018
"547",215,"A&M-Corpus Christi",111,131,1.18,1275,11.49,19,229,1.2,1671,15.05,1365,616,3968,0.189,12.3,9,21,0.3,2018
"548",216,"Georgia Tech",125,147,1.18,1515,12.12,49,378,1.9,1819,14.55,1619,634,4285,0.23,12.95,18,15,0.545,2018
"549",217,"North Texas",131,154,1.18,1563,11.93,60,423,2.07,1877,14.33,1702,646,4568,0.231,12.99,19,17,0.528,2018
"550",218,"UT Arlington",103,121,1.17,1216,11.81,39,315,1.91,1652,16.04,1280,544,3757,0.196,12.43,16,12,0.571,2018
"551",219,"NJIT",115,135,1.17,1088,9.46,38,243,1.39,1625,14.13,1158,814,4080,0.084,10.07,4,28,0.125,2018
"552",220,"Kansas City",123,144,1.17,1544,12.55,82,448,2.49,1823,14.82,1646,650,4372,0.228,13.38,21,11,0.656,2018
"553",221,"Fairfield",107,125,1.17,1291,12.07,45,293,1.79,1752,16.37,1354,700,3911,0.167,12.65,14,16,0.467,2018
"554",222,"Montana",114,133,1.17,1311,11.5,43,350,1.91,1761,15.45,1392,685,4061,0.174,12.21,10,21,0.323,2018
"555",223,"N.C. Central",91,106,1.16,873,9.59,54,288,2.18,1369,15.04,936,538,3042,0.131,10.29,6,19,0.24,2018
"556",224,"Northern Ill.",122,142,1.16,1333,10.93,48,400,2.03,1873,15.35,1430,642,4330,0.182,11.72,11,21,0.344,2018
"557",225,"South Dakota St.",104,121,1.16,1119,10.76,44,326,1.99,1454,13.98,1200,594,3655,0.166,11.54,6,23,0.207,2018
"558",226,"Dartmouth",86,100,1.16,946,11,52,336,2.56,1270,14.77,1003,460,3053,0.178,11.66,10,15,0.4,2018
"559",227,"Auburn",105,122,1.16,1230,11.71,46,328,2,1362,12.97,1324,529,3563,0.223,12.61,12,16,0.429,2018
"560",228,"SIUE",105,122,1.16,1258,11.98,37,292,1.74,1826,17.39,1324,674,4045,0.161,12.61,9,20,0.31,2018
"561",229,"South Fla.",129,149,1.16,1541,11.95,57,469,2.26,2097,16.26,1636,600,4596,0.225,12.68,20,12,0.625,2018
"562",230,"Towson",123,142,1.15,1528,12.42,46,477,2.31,1945,15.81,1644,648,4413,0.226,13.37,17,15,0.531,2018
"563",231,"Idaho",123,142,1.15,1553,12.63,51,541,2.61,1928,15.67,1652,516,4408,0.258,13.43,23,10,0.697,2018
"564",232,"Eastern Ill.",112,129,1.15,1214,10.84,25,386,1.95,1949,17.4,1292,549,4288,0.173,11.54,10,21,0.323,2018
"565",233,"Arizona St.",113,130,1.15,1326,11.73,94,241,1.9,1826,16.16,1405,627,4048,0.192,12.43,14,18,0.438,2018
"566",234,"Cal St. Fullerton",100,115,1.15,1039,10.39,27,272,1.63,1500,15,1105,569,3498,0.153,11.05,6,24,0.2,2018
"567",235,"FGCU",120,138,1.15,1526,12.72,67,536,2.79,1939,16.16,1623,528,4239,0.258,13.53,27,7,0.794,2018
"568",236,"Texas",101,116,1.15,1311,12.98,29,458,2.55,1333,13.2,1404,393,3261,0.31,13.9,23,5,0.821,2018
"569",237,"UMass Lowell",95,109,1.15,985,10.37,24,250,1.57,1278,13.45,1048,631,3312,0.126,11.03,5,21,0.192,2018
"570",238,"Clemson",129,148,1.15,1617,12.53,57,404,2.01,1593,12.35,1717,731,4247,0.232,13.31,19,15,0.559,2018
"571",239,"Iowa St.",123,141,1.15,1639,13.33,54,559,2.71,2044,16.62,1741,587,4562,0.253,14.15,21,13,0.618,2018
"572",240,"Florida A&M",103,118,1.15,1076,10.45,49,304,1.95,1546,15.01,1171,543,3610,0.174,11.37,11,17,0.393,2018
"573",241,"ETSU",125,143,1.14,1592,12.74,69,450,2.35,1978,15.82,1712,597,4529,0.246,13.7,28,7,0.8,2018
"574",242,"Siena",114,130,1.14,1019,8.94,27,224,1.22,1461,12.82,1105,622,3679,0.131,9.69,4,28,0.125,2018
"575",243,"Sam Houston St.",108,123,1.14,1254,11.61,48,384,2.22,1909,17.68,1361,578,4038,0.194,12.6,22,8,0.733,2018
"576",244,"Butler",105,119,1.13,1141,10.87,40,559,3.04,1486,14.15,1233,571,3672,0.18,11.74,9,21,0.3,2018
"577",245,"Southern Utah",112,126,1.13,1224,10.93,29,356,1.85,1678,14.98,1310,568,4035,0.184,11.7,6,24,0.2,2018
"578",246,"East Carolina",104,117,1.13,1184,11.38,35,326,1.9,1635,15.72,1288,581,3730,0.19,12.38,13,16,0.448,2018
"579",247,"LSU",113,127,1.12,1328,11.75,67,361,2.19,1734,15.35,1460,588,4044,0.216,12.92,12,17,0.414,2018
"580",248,"Toledo",106,119,1.12,1162,10.96,69,265,1.9,1786,16.85,1233,582,3913,0.166,11.63,9,18,0.333,2018
"581",249,"Wake Forest",115,129,1.12,1202,10.45,73,332,2.08,1318,11.46,1302,641,3655,0.181,11.32,10,20,0.333,2018
"582",250,"LIU Brooklyn",91,102,1.12,1078,11.85,54,325,2.38,1522,16.73,1141,533,3358,0.181,12.54,15,9,0.625,2018
"583",251,"Marshall",108,121,1.12,1224,11.33,50,229,1.52,1705,15.79,1329,616,3982,0.179,12.31,10,19,0.345,2018
"584",252,"Coastal Caro.",93,104,1.12,1092,11.74,86,234,2.18,1461,15.71,1153,499,3340,0.196,12.4,12,13,0.48,2018
"585",253,"Texas Tech",110,123,1.12,1336,12.15,40,432,2.33,1586,14.42,1433,564,3856,0.225,13.03,17,13,0.567,2018
"586",254,"Hartford",86,96,1.12,996,11.58,43,290,2.19,1126,13.09,1064,399,2810,0.237,12.37,11,14,0.44,2018
"587",255,"Oregon St.",121,135,1.12,1425,11.78,49,465,2.33,1909,15.78,1507,759,4620,0.162,12.45,11,21,0.344,2018
"588",256,"La.-Monroe",104,116,1.12,1054,10.13,60,359,2.3,1485,14.28,1129,542,3605,0.163,10.86,11,19,0.367,2018
"589",257,"Stetson",107,119,1.11,1149,10.74,81,336,2.33,1805,16.87,1241,466,3734,0.208,11.6,16,13,0.552,2018
"590",258,"Bethune-Cookman",119,132,1.11,1244,10.45,61,453,2.42,1903,15.99,1324,644,4056,0.168,11.13,16,16,0.5,2018
"591",259,"American",121,134,1.11,1423,11.76,63,498,2.58,1807,14.93,1533,517,4054,0.251,12.67,20,13,0.606,2018
"592",260,"Kent St.",116,128,1.1,1279,11.03,84,240,1.76,2020,17.41,1354,603,4269,0.176,11.67,13,18,0.419,2018
"593",261,"Abilene Christian",118,130,1.1,1319,11.18,30,490,2.33,1808,15.32,1428,622,4293,0.188,12.1,13,16,0.448,2018
"594",262,"Tulsa",114,125,1.1,1324,11.61,71,328,2.06,2000,17.54,1435,545,4409,0.202,12.59,19,12,0.613,2018
"595",263,"Murray St.",116,127,1.09,1457,12.56,39,294,1.6,1943,16.75,1542,646,4354,0.206,13.29,22,10,0.688,2018
"596",264,"Boston College",112,122,1.09,1355,12.1,68,333,2.09,1634,14.59,1452,621,3986,0.208,12.96,15,15,0.5,2018
"597",265,"Youngstown St.",104,113,1.09,1148,11.04,43,289,1.8,1841,17.7,1223,670,4114,0.134,11.76,7,22,0.241,2018
"598",266,"Western Mich.",116,126,1.09,1359,11.72,71,320,1.99,1867,16.09,1488,582,4133,0.219,12.83,16,14,0.533,2018
"599",267,"Georgia St.",95,103,1.08,1049,11.04,55,350,2.42,1430,15.05,1121,577,3447,0.158,11.8,7,19,0.269,2018
"600",268,"Purdue Fort Wayne",120,130,1.08,1534,12.78,39,372,1.88,1962,16.35,1638,671,4548,0.213,13.65,18,14,0.563,2018
"601",269,"Wichita St.",127,137,1.08,1574,12.39,34,320,1.53,2019,15.9,1666,684,4727,0.208,13.12,14,18,0.438,2018
"602",270,"Illinois St.",115,124,1.08,1537,13.37,43,407,2.14,2036,17.7,1645,550,4373,0.25,14.3,25,8,0.758,2018
"603",271,"Portland St.",107,115,1.07,1106,10.34,39,310,1.81,1582,14.79,1184,556,3790,0.166,11.07,5,25,0.167,2018
"604",272,"Utah St.",112,120,1.07,1079,9.63,23,485,2.37,1446,12.91,1155,616,3658,0.147,10.31,5,24,0.172,2018
"605",273,"McNeese",114,122,1.07,1234,10.82,39,436,2.25,1604,14.07,1319,542,3887,0.2,11.57,10,22,0.313,2018
"606",274,"Baylor",118,126,1.07,1551,13.14,26,453,2.14,1828,15.49,1642,648,4234,0.235,13.92,20,9,0.69,2018
"607",275,"Penn",89,95,1.07,955,10.73,29,278,1.89,1166,13.1,1019,483,2959,0.181,11.45,6,19,0.24,2018
"608",276,"North Dakota",120,128,1.07,1372,11.43,59,365,2.01,2024,16.87,1469,621,4431,0.191,12.24,14,18,0.438,2018
"609",277,"Binghamton",92,98,1.07,950,10.33,28,239,1.6,1316,14.3,1028,539,3276,0.149,11.17,5,20,0.2,2018
"610",278,"Duke",108,115,1.06,1374,12.72,42,497,2.69,1498,13.87,1453,536,3807,0.241,13.45,16,12,0.571,2018
"611",279,"Army West Point",119,126,1.06,1457,12.24,75,370,2.18,1819,15.29,1563,733,4280,0.194,13.13,14,15,0.483,2018
"612",280,"Belmont",103,109,1.06,1035,10.05,24,237,1.38,1410,13.69,1130,640,3670,0.134,10.97,5,23,0.179,2018
"613",281,"Charlotte",124,131,1.06,1428,11.52,90,454,2.56,1997,16.1,1523,535,4392,0.225,12.28,16,15,0.516,2018
"614",282,"Drake",125,132,1.06,1529,12.23,32,457,2.08,2211,17.69,1628,709,4987,0.184,13.02,21,15,0.583,2018
"615",283,"UConn",119,125,1.05,1517,12.75,45,318,1.71,1824,15.33,1613,800,4472,0.182,13.55,15,16,0.484,2018
"616",284,"Arizona",125,131,1.05,1584,12.67,70,388,2.11,1919,15.35,1733,665,4508,0.237,13.86,22,11,0.667,2018
"617",285,"San Diego St.",125,131,1.05,1468,11.74,39,502,2.32,1609,12.87,1581,737,4084,0.207,12.65,10,21,0.323,2018
"618",286,"Col. of Charleston",135,141,1.04,1807,13.39,63,358,1.79,2236,16.56,1913,685,4930,0.249,14.17,24,12,0.667,2018
"619",287,"Xavier",105,108,1.03,1224,11.66,46,372,2.21,1563,14.89,1282,593,3743,0.184,12.21,10,19,0.345,2018
"620",288,"Fordham",108,110,1.02,1195,11.06,21,427,2.17,1668,15.44,1282,545,3809,0.193,11.87,10,17,0.37,2018
"621",289,"Indiana",120,122,1.02,1440,12,115,388,2.58,1752,14.6,1544,629,4300,0.213,12.87,16,15,0.516,2018
"622",290,"Ole Miss",124,126,1.02,1502,12.11,113,294,2.1,1863,15.02,1609,639,4348,0.223,12.98,14,18,0.438,2018
"623",291,"Saint Francis (PA)",101,102,1.01,1112,11.01,25,266,1.56,1654,16.38,1190,630,3871,0.145,11.78,5,22,0.185,2018
"624",292,"Syracuse",108,109,1.01,1317,12.19,78,509,3.08,1477,13.68,1390,493,3561,0.252,12.87,19,9,0.679,2018
"625",293,"Santa Clara",108,109,1.01,1224,11.33,31,367,1.99,1615,14.95,1315,619,3741,0.186,12.18,6,24,0.2,2018
"626",294,"Iowa",121,121,1,1480,12.23,56,406,2.14,1857,15.35,1547,601,4211,0.225,12.79,15,16,0.484,2018
"627",295,"Tennessee",125,125,1,1638,13.1,49,462,2.24,1896,15.17,1783,660,4514,0.249,14.26,26,6,0.813,2018
"628",296,"Valparaiso",146,145,0.99,1805,12.36,70,481,2.13,2613,17.9,1938,751,5697,0.208,13.27,27,11,0.711,2018
"629",297,"Mississippi St.",110,109,0.99,1158,10.53,85,269,2,1534,13.95,1235,594,3639,0.176,11.23,5,26,0.161,2018
"630",298,"Milwaukee",114,112,0.98,1372,12.04,21,344,1.69,1963,17.22,1450,684,4508,0.17,12.72,8,22,0.267,2018
"631",299,"Florida St.",109,107,0.98,1387,12.72,59,504,2.85,1626,14.92,1485,483,3718,0.269,13.62,19,10,0.655,2018
"632",300,"Niagara",105,103,0.98,1083,10.31,28,344,1.9,1537,14.64,1155,490,3656,0.182,11,9,19,0.321,2018
"633",301,"Grambling",128,125,0.98,1240,9.69,68,355,1.92,1730,13.52,1333,775,4204,0.133,10.41,11,24,0.314,2018
"634",302,"Central Mich.",106,103,0.97,1259,11.88,36,269,1.61,1631,15.39,1319,665,3894,0.168,12.44,7,21,0.25,2018
"635",303,"Oklahoma",108,104,0.96,1324,12.26,36,474,2.53,1655,15.32,1414,566,3913,0.217,13.09,17,11,0.607,2018
"636",304,"Oakland",108,104,0.96,1240,11.48,28,435,2.27,1786,16.54,1313,645,3964,0.169,12.16,10,17,0.37,2018
"637",305,"Southern Ill.",106,102,0.96,1038,9.79,59,292,1.93,1693,15.97,1100,599,3750,0.134,10.38,5,26,0.161,2018
"638",306,"Loyola Maryland",119,114,0.96,1467,12.33,45,459,2.31,2125,17.86,1558,710,4533,0.187,13.09,14,16,0.467,2018
"639",307,"UNI",126,119,0.94,1784,14.16,83,275,1.75,2245,17.82,1890,711,4829,0.244,15,24,10,0.706,2018
"640",308,"North Florida",122,115,0.94,1413,11.58,46,388,1.97,1699,13.93,1496,669,4256,0.194,12.26,11,22,0.333,2018
"641",309,"UCF",117,110,0.94,1545,13.21,53,531,2.72,2026,17.32,1623,549,4427,0.243,13.87,27,4,0.871,2018
"642",310,"Temple",113,106,0.94,1371,12.13,39,324,1.78,1890,16.73,1438,621,4328,0.189,12.73,8,22,0.267,2018
"643",311,"North Carolina",96,90,0.94,1089,11.34,35,389,2.39,1206,12.56,1161,569,3290,0.18,12.09,8,19,0.296,2018
"644",312,"Missouri St.",118,110,0.93,1496,12.68,35,453,2.22,2014,17.07,1576,674,4446,0.203,13.36,17,15,0.531,2018
"645",313,"Tennessee St.",113,105,0.93,1236,10.94,47,407,2.22,1778,15.73,1311,612,4057,0.172,11.6,9,19,0.321,2018
"646",314,"SMU",110,102,0.93,1350,12.27,28,391,2.03,1953,17.75,1452,666,4297,0.183,13.2,12,16,0.429,2018
"647",315,"NC State",110,102,0.93,1362,12.38,64,300,1.95,1688,15.35,1451,654,3998,0.199,13.19,15,13,0.536,2018
"648",316,"UTEP",99,91,0.92,1050,10.61,41,290,1.88,1442,14.57,1128,566,3522,0.16,11.39,5,21,0.192,2018
"649",317,"IUPUI",108,99,0.92,1202,11.13,37,382,2.11,2018,18.69,1297,641,4402,0.149,12.01,9,21,0.3,2018
"650",318,"Fairleigh Dickinson",103,94,0.91,892,8.66,39,321,1.94,1499,14.55,955,572,3501,0.109,9.27,2,28,0.067,2018
"651",319,"Southeastern La.",101,92,0.91,988,9.78,49,222,1.58,1283,12.7,1066,599,3336,0.14,10.55,2,27,0.069,2018
"652",320,"West Virginia",112,102,0.91,1220,10.89,35,449,2.32,1520,13.57,1313,661,3874,0.168,11.72,11,19,0.367,2018
"653",321,"Prairie View",111,101,0.91,1085,9.77,39,230,1.39,1518,13.68,1182,754,3861,0.111,10.65,7,25,0.219,2018
"654",322,"New Mexico",122,111,0.91,1316,10.79,58,432,2.25,1564,12.82,1418,703,4082,0.175,11.62,15,15,0.5,2018
"655",323,"Colorado",125,113,0.9,1563,12.5,49,556,2.62,1788,14.3,1666,638,4296,0.239,13.33,18,14,0.563,2018
"656",324,"Seton Hall",105,94,0.9,1240,11.81,22,281,1.55,1579,15.04,1318,523,3657,0.217,12.55,10,20,0.333,2018
"657",325,"UC Riverside",110,98,0.89,1271,11.55,46,270,1.65,1849,16.81,1349,674,4089,0.165,12.26,9,19,0.321,2018
"658",326,"Cleveland St.",114,100,0.88,1339,11.75,51,546,2.84,2133,18.71,1415,601,4384,0.186,12.41,17,12,0.586,2018
"659",327,"San Diego",112,98,0.88,1425,12.72,64,360,2.18,1541,13.76,1532,645,3888,0.228,13.68,18,13,0.581,2018
"660",328,"Louisiana",112,97,0.87,1302,11.63,84,315,2.16,1776,15.86,1394,533,4036,0.213,12.45,15,15,0.5,2018
"661",329,"Kansas",109,94,0.86,1288,11.82,46,531,2.86,1483,13.61,1367,606,3568,0.213,12.54,15,12,0.556,2018
"662",330,"Wyoming",119,100,0.84,1387,11.66,51,579,2.86,1663,13.97,1514,540,4001,0.243,12.72,20,11,0.645,2018
"663",331,"DePaul",98,80,0.82,1116,11.39,31,164,1.15,1478,15.08,1174,628,3574,0.153,11.98,5,24,0.172,2018
"664",332,"Indiana St.",111,90,0.81,1228,11.06,45,363,2.04,1853,16.69,1315,594,4080,0.177,11.85,10,20,0.333,2018
"665",333,"Eastern Ky.",104,79,0.76,1059,10.18,42,230,1.51,1492,14.35,1152,646,3626,0.14,11.08,5,23,0.179,2018
"666",334,"Oral Roberts",114,86,0.75,1308,11.47,36,409,2.11,2025,17.76,1390,627,4328,0.176,12.19,9,19,0.321,2018
